configuration,notice_id_a,notice_id_b,label,word5_jaccard,candidate_survived,similarity_bin
32x4,N010018,N010020,same,0.1987315010570824,False,"(0.1, 0.2]"
32x4,N007876,N008565,different,0.1113412739513205,False,"(0.1, 0.2]"
32x4,N005451,N005452,same,0.2737588652482269,False,"(0.2, 0.3]"
32x4,N008464,N010231,different,0.0694533762057877,False,"(-0.001, 0.1]"
32x4,N000420,N001104,different,0.1614906832298136,False,"(0.1, 0.2]"
32x4,N004781,N005219,different,0.1937984496124031,False,"(0.1, 0.2]"
32x4,N007021,N010547,different,0.2564745196324143,False,"(0.2, 0.3]"
32x4,N004413,N008734,different,0.0787623066104078,False,"(-0.001, 0.1]"
32x4,N007783,N007784,same,0.2463576158940397,False,"(0.2, 0.3]"
32x4,N001104,N001107,same,0.2630385487528344,False,"(0.2, 0.3]"
32x4,N006958,N006959,same,0.4536271808999081,True,"(0.4, 0.5]"
32x4,N003107,N007431,different,0.2796327212020033,False,"(0.2, 0.3]"
32x4,N010497,N011446,different,0.3457573354480571,True,"(0.3, 0.4]"
32x4,N002561,N003545,different,0.0775193798449612,False,"(-0.001, 0.1]"
32x4,N004217,N007965,different,0.3402317880794702,True,"(0.3, 0.4]"
32x4,N006099,N006100,same,0.5925597874224978,True,"(0.5, 0.6]"
32x4,N009010,N009562,different,0.0893617021276595,False,"(-0.001, 0.1]"
32x4,N005332,N005333,same,0.8181818181818182,True,"(0.8, 0.9]"
32x4,N008288,N010448,different,0.2705501618122977,False,"(0.2, 0.3]"
32x4,N002391,N009409,different,0.086021505376344,False,"(-0.001, 0.1]"
32x4,N001001,N007428,different,0.1213292117465224,False,"(0.1, 0.2]"
32x4,N002919,N002920,same,0.9424141749723144,True,"(0.9, 1.0]"
32x4,N007223,N008301,different,0.1638418079096045,False,"(0.1, 0.2]"
32x4,N005352,N007867,different,0.086410635155096,False,"(-0.001, 0.1]"
32x4,N007893,N007894,same,0.852017937219731,True,"(0.8, 0.9]"
32x4,N002670,N007972,different,0.2815186246418338,False,"(0.2, 0.3]"
32x4,N006038,N008642,different,0.0982519590114526,False,"(-0.001, 0.1]"
32x4,N004523,N007453,different,0.1600771456123433,False,"(0.1, 0.2]"
32x4,N006491,N010563,different,0.3231750531537916,False,"(0.3, 0.4]"
32x4,N002902,N010086,different,0.1457725947521866,False,"(0.1, 0.2]"
32x4,N001013,N003939,different,0.1738056013179571,False,"(0.1, 0.2]"
32x4,N002612,N004456,different,0.097020097020097,False,"(-0.001, 0.1]"
32x4,N003308,N005945,different,0.0843621399176954,False,"(-0.001, 0.1]"
32x4,N002811,N007128,different,0.1680161943319838,False,"(0.1, 0.2]"
32x4,N007478,N011108,different,0.1066152858060372,False,"(0.1, 0.2]"
32x4,N001760,N001761,same,0.9550173010380624,True,"(0.9, 1.0]"
32x4,N004944,N009237,different,0.105890603085554,False,"(0.1, 0.2]"
32x4,N008261,N008262,same,0.5982378854625551,True,"(0.5, 0.6]"
32x4,N003630,N009918,different,0.1227272727272727,False,"(0.1, 0.2]"
32x4,N003948,N008608,different,0.0788243152972612,False,"(-0.001, 0.1]"
32x4,N008997,N008998,same,0.473972602739726,True,"(0.4, 0.5]"
32x4,N004789,N005917,different,0.1609281437125748,False,"(0.1, 0.2]"
32x4,N003672,N008071,different,0.4044016506189821,True,"(0.4, 0.5]"
32x4,N009235,N009236,same,0.3705103969754253,False,"(0.3, 0.4]"
32x4,N001817,N002597,different,0.3341213553979511,False,"(0.3, 0.4]"
32x4,N000985,N000986,same,0.1965020576131687,False,"(0.1, 0.2]"
32x4,N000993,N010660,different,0.1422413793103448,False,"(0.1, 0.2]"
32x4,N003269,N010318,different,0.1720351390922401,False,"(0.1, 0.2]"
32x4,N011750,N011966,different,0.1679073614557485,False,"(0.1, 0.2]"
32x4,N010357,N010360,same,0.9702048417132216,True,"(0.9, 1.0]"
32x4,N001163,N001165,same,0.968,True,"(0.9, 1.0]"
32x4,N011255,N011732,different,0.1723534558180227,False,"(0.1, 0.2]"
32x4,N007191,N011803,different,0.0794198895027624,False,"(-0.001, 0.1]"
32x4,N003422,N008330,different,0.0906084656084656,False,"(-0.001, 0.1]"
32x4,N004762,N011915,different,0.3286274509803921,False,"(0.3, 0.4]"
32x4,N006325,N006326,same,0.8105395232120451,True,"(0.8, 0.9]"
32x4,N003658,N003661,same,0.8946459412780656,True,"(0.8, 0.9]"
32x4,N010135,N010136,same,0.9823008849557522,True,"(0.9, 1.0]"
32x4,N003079,N011928,different,0.3535087719298245,True,"(0.3, 0.4]"
32x4,N000268,N009659,different,0.4272151898734177,False,"(0.4, 0.5]"
32x4,N001173,N001174,same,0.564042303172738,True,"(0.5, 0.6]"
32x4,N004065,N007546,different,0.2972718720602069,False,"(0.2, 0.3]"
32x4,N000702,N007932,different,0.0748256182625237,False,"(-0.001, 0.1]"
32x4,N009387,N009517,different,0.1550079491255961,False,"(0.1, 0.2]"
32x4,N000358,N007166,different,0.1524822695035461,False,"(0.1, 0.2]"
32x4,N007841,N011872,different,0.0900621118012422,False,"(-0.001, 0.1]"
32x4,N000576,N000577,same,0.1786055396370582,False,"(0.1, 0.2]"
32x4,N003372,N008041,different,0.1540785498489426,False,"(0.1, 0.2]"
32x4,N006470,N009323,different,0.3245481927710843,True,"(0.3, 0.4]"
32x4,N001685,N001686,same,0.6132848043676069,True,"(0.6, 0.7]"
32x4,N002358,N005690,different,0.1574225122349102,False,"(0.1, 0.2]"
32x4,N002216,N002218,same,0.8135338345864662,True,"(0.8, 0.9]"
32x4,N003837,N007101,different,0.2532281205164993,False,"(0.2, 0.3]"
32x4,N008995,N010419,different,0.1475548060708263,False,"(0.1, 0.2]"
32x4,N001394,N003813,different,0.104594330400782,False,"(0.1, 0.2]"
32x4,N003816,N009648,different,0.3646308113035551,False,"(0.3, 0.4]"
32x4,N000883,N003126,different,0.0866721177432543,False,"(-0.001, 0.1]"
32x4,N010748,N011807,different,0.1994750656167979,False,"(0.1, 0.2]"
32x4,N006050,N007874,different,0.1027278003482298,False,"(0.1, 0.2]"
32x4,N011687,N011688,same,0.9830220713073003,True,"(0.9, 1.0]"
32x4,N000036,N011140,different,0.1267232237539766,False,"(0.1, 0.2]"
32x4,N000051,N000052,same,0.953307392996109,True,"(0.9, 1.0]"
32x4,N001105,N007889,different,0.0680218921032056,False,"(-0.001, 0.1]"
32x4,N004491,N004492,same,0.5182926829268293,True,"(0.5, 0.6]"
32x4,N004978,N009682,different,0.1228222996515679,False,"(0.1, 0.2]"
32x4,N008379,N008380,same,0.864406779661017,True,"(0.8, 0.9]"
32x4,N001189,N011628,different,0.0988745980707395,False,"(-0.001, 0.1]"
32x4,N000183,N001889,different,0.4340425531914894,False,"(0.4, 0.5]"
32x4,N006225,N006227,same,0.210412147505423,False,"(0.2, 0.3]"
32x4,N002447,N007313,different,0.1302857142857142,False,"(0.1, 0.2]"
32x4,N005321,N005322,same,0.9304123711340206,True,"(0.9, 1.0]"
32x4,N004563,N004564,same,0.3852106620808254,False,"(0.3, 0.4]"
32x4,N001497,N001498,same,0.4645799011532125,False,"(0.4, 0.5]"
32x4,N002729,N008105,different,0.1562252180808881,False,"(0.1, 0.2]"
32x4,N000314,N008220,different,0.1233552631578947,False,"(0.1, 0.2]"
32x4,N001902,N009227,different,0.3510758776896942,False,"(0.3, 0.4]"
32x4,N001376,N009439,different,0.2835011618900077,False,"(0.2, 0.3]"
32x4,N003019,N009498,different,0.1111111111111111,False,"(0.1, 0.2]"
32x4,N003883,N004988,different,0.0938851142680667,False,"(-0.001, 0.1]"
32x4,N004822,N007764,different,0.1306501547987616,False,"(0.1, 0.2]"
32x4,N000255,N007615,different,0.2618296529968454,False,"(0.2, 0.3]"
32x4,N005676,N011302,different,0.1440329218106996,False,"(0.1, 0.2]"
32x4,N003403,N007889,different,0.0820143884892086,False,"(-0.001, 0.1]"
32x4,N002476,N005891,different,0.0907894736842105,False,"(-0.001, 0.1]"
32x4,N004988,N009224,different,0.114792899408284,False,"(0.1, 0.2]"
32x4,N001677,N011151,different,0.1003562945368171,False,"(0.1, 0.2]"
32x4,N006731,N006732,same,0.8859060402684564,True,"(0.8, 0.9]"
32x4,N002200,N009548,different,0.0974297668858338,False,"(-0.001, 0.1]"
32x4,N001873,N001874,same,0.8815426997245179,True,"(0.8, 0.9]"
32x4,N006820,N010293,different,0.1648351648351648,False,"(0.1, 0.2]"
32x4,N004096,N007060,different,0.2082683307332293,False,"(0.2, 0.3]"
32x4,N003135,N003543,different,0.1820448877805486,False,"(0.1, 0.2]"
32x4,N006564,N007387,different,0.1912144702842377,True,"(0.1, 0.2]"
32x4,N004906,N008027,different,0.184,False,"(0.1, 0.2]"
32x4,N000145,N007083,different,0.09125,False,"(-0.001, 0.1]"
32x4,N008087,N008088,same,0.3101010101010101,False,"(0.3, 0.4]"
32x4,N007153,N007701,different,0.3163418290854572,True,"(0.3, 0.4]"
32x4,N010825,N010826,same,0.6002143622722401,True,"(0.6, 0.7]"
32x4,N006905,N006906,same,0.9791955617198336,True,"(0.9, 1.0]"
32x4,N001863,N002786,different,0.0989922940130409,False,"(-0.001, 0.1]"
32x4,N001735,N005403,different,0.2863475177304964,False,"(0.2, 0.3]"
32x4,N009982,N009985,same,0.1882519462137296,False,"(0.1, 0.2]"
32x4,N008801,N011616,different,0.1529105125977411,False,"(0.1, 0.2]"
32x4,N003201,N011795,different,0.3049967553536664,True,"(0.3, 0.4]"
32x4,N009040,N010335,different,0.0883002207505518,False,"(-0.001, 0.1]"
32x4,N000276,N000278,same,0.2373923739237392,False,"(0.2, 0.3]"
32x4,N001338,N001340,same,0.9699570815450644,True,"(0.9, 1.0]"
32x4,N011118,N011119,same,0.8378698224852071,True,"(0.8, 0.9]"
32x4,N000768,N000770,same,0.6359039190897599,True,"(0.6, 0.7]"
32x4,N001515,N006807,different,0.1460494812450119,False,"(0.1, 0.2]"
32x4,N009100,N009150,different,0.1350040420371867,False,"(0.1, 0.2]"
32x4,N000437,N010413,different,0.090455396132252,False,"(-0.001, 0.1]"
32x4,N008497,N008498,same,0.5399201596806387,True,"(0.5, 0.6]"
32x4,N007145,N007146,same,0.4770114942528735,False,"(0.4, 0.5]"
32x4,N007053,N010560,different,0.2483271375464684,False,"(0.2, 0.3]"
32x4,N008280,N010910,different,0.1444256756756756,False,"(0.1, 0.2]"
32x4,N001364,N001365,same,0.8190104166666666,True,"(0.8, 0.9]"
32x4,N001075,N009237,different,0.3218503937007874,False,"(0.3, 0.4]"
32x4,N003268,N007976,different,0.3335403726708074,False,"(0.3, 0.4]"
32x4,N004168,N004169,same,0.6512992455993294,True,"(0.6, 0.7]"
32x4,N003317,N011369,different,0.1354581673306772,False,"(0.1, 0.2]"
32x4,N002748,N011595,different,0.2767402376910017,False,"(0.2, 0.3]"
32x4,N000873,N002331,different,0.091692789968652,False,"(-0.001, 0.1]"
32x4,N009379,N009380,same,0.98005698005698,True,"(0.9, 1.0]"
32x4,N007382,N009541,different,0.0972515856236786,False,"(-0.001, 0.1]"
32x4,N006828,N011568,different,0.1071428571428571,False,"(0.1, 0.2]"
32x4,N005210,N009890,different,0.1273764258555133,False,"(0.1, 0.2]"
32x4,N009046,N010077,different,0.2749077490774907,True,"(0.2, 0.3]"
32x4,N000659,N006306,different,0.0910290237467018,False,"(-0.001, 0.1]"
32x4,N005472,N007849,different,0.0971246006389776,False,"(-0.001, 0.1]"
32x4,N007681,N009555,different,0.3104166666666667,False,"(0.3, 0.4]"
32x4,N007201,N010116,different,0.151093439363817,False,"(0.1, 0.2]"
32x4,N002665,N004599,different,0.0975029726516052,False,"(-0.001, 0.1]"
32x4,N007557,N008376,different,0.2811867835468644,False,"(0.2, 0.3]"
32x4,N000189,N001381,different,0.1442953020134228,False,"(0.1, 0.2]"
32x4,N004220,N007941,different,0.2714508580343214,False,"(0.2, 0.3]"
32x4,N002036,N008928,different,0.0682730923694779,False,"(-0.001, 0.1]"
32x4,N003662,N010020,different,0.1947368421052631,False,"(0.1, 0.2]"
32x4,N004066,N006280,different,0.1448007774538386,False,"(0.1, 0.2]"
32x4,N005647,N010086,different,0.1487603305785124,False,"(0.1, 0.2]"
32x4,N002586,N006131,different,0.1583403895004233,False,"(0.1, 0.2]"
32x4,N004043,N004969,different,0.0748299319727891,False,"(-0.001, 0.1]"
32x4,N010853,N010857,same,0.7401574803149606,True,"(0.7, 0.8]"
32x4,N000202,N007774,different,0.1714023831347387,False,"(0.1, 0.2]"
32x4,N002852,N002853,same,0.5619918699186992,True,"(0.5, 0.6]"
32x4,N008049,N010976,different,0.144220572640509,False,"(0.1, 0.2]"
32x4,N010028,N010039,different,0.293282876064333,False,"(0.2, 0.3]"
32x4,N004028,N010035,different,0.1978609625668449,False,"(0.1, 0.2]"
32x4,N001702,N010946,different,0.1118299445471349,False,"(0.1, 0.2]"
32x4,N008791,N008803,different,0.3335901386748844,False,"(0.3, 0.4]"
32x4,N000684,N004640,different,0.1611111111111111,False,"(0.1, 0.2]"
32x4,N011929,N011930,same,0.383739837398374,False,"(0.3, 0.4]"
32x4,N003860,N004075,different,0.2740937223695844,False,"(0.2, 0.3]"
32x4,N003884,N007431,different,0.0917553191489361,False,"(-0.001, 0.1]"
32x4,N002204,N007953,different,0.1237016052880075,False,"(0.1, 0.2]"
32x4,N005664,N005666,same,0.7739273927392739,True,"(0.7, 0.8]"
32x4,N003982,N006359,different,0.3064992614475628,False,"(0.3, 0.4]"
32x4,N002817,N002819,same,0.2419354838709677,False,"(0.2, 0.3]"
32x4,N002626,N002629,same,0.5141921397379913,True,"(0.5, 0.6]"
32x4,N000262,N002156,different,0.290736984448952,False,"(0.2, 0.3]"
32x4,N000131,N003422,different,0.3564173591874423,False,"(0.3, 0.4]"
32x4,N000852,N010531,different,0.090505767524401,False,"(-0.001, 0.1]"
32x4,N003659,N005484,different,0.1022576361221779,False,"(0.1, 0.2]"
32x4,N001115,N009773,different,0.3744569939183318,False,"(0.3, 0.4]"
32x4,N010941,N010942,same,0.8907363420427553,True,"(0.8, 0.9]"
32x4,N008101,N008840,different,0.1264822134387351,False,"(0.1, 0.2]"
32x4,N005983,N009546,different,0.341860465116279,False,"(0.3, 0.4]"
32x4,N001180,N006053,different,0.2686567164179104,False,"(0.2, 0.3]"
32x4,N004248,N005277,different,0.1173020527859237,False,"(0.1, 0.2]"
32x4,N006025,N010086,different,0.1429597701149425,False,"(0.1, 0.2]"
32x4,N002970,N007570,different,0.3452282157676348,True,"(0.3, 0.4]"
32x4,N002439,N007343,different,0.2769911504424778,False,"(0.2, 0.3]"
32x4,N001488,N005914,different,0.149689991142604,False,"(0.1, 0.2]"
32x4,N001624,N006762,different,0.1044957472660996,False,"(0.1, 0.2]"
32x4,N004870,N006313,different,0.1796157059314954,False,"(0.1, 0.2]"
32x4,N011017,N011020,same,0.5273477812177503,True,"(0.5, 0.6]"
32x4,N002389,N002391,same,0.5518962075848304,True,"(0.5, 0.6]"
32x4,N000672,N002056,different,0.0942895086321381,False,"(-0.001, 0.1]"
32x4,N003476,N004605,different,0.1599312123817712,False,"(0.1, 0.2]"
32x4,N008022,N010492,different,0.3256704980842911,False,"(0.3, 0.4]"
32x4,N009775,N009854,different,0.0647590361445783,False,"(-0.001, 0.1]"
32x4,N001443,N010092,different,0.2540381791483113,False,"(0.2, 0.3]"
32x4,N008152,N008153,same,0.8877338877338877,True,"(0.8, 0.9]"
32x4,N004151,N009894,different,0.0922600619195046,False,"(-0.001, 0.1]"
32x4,N009151,N011771,different,0.3623318385650224,True,"(0.3, 0.4]"
32x4,N004672,N008166,different,0.3858392999204455,True,"(0.3, 0.4]"
32x4,N005081,N007027,different,0.1417740712661107,False,"(0.1, 0.2]"
32x4,N002173,N008545,different,0.1504965622612681,False,"(0.1, 0.2]"
32x4,N003781,N003783,same,0.8772169167803547,True,"(0.8, 0.9]"
32x4,N002084,N007552,different,0.1469298245614035,False,"(0.1, 0.2]"
32x4,N004001,N004002,same,0.435759209344115,True,"(0.4, 0.5]"
32x4,N009163,N009439,different,0.1352405721716515,False,"(0.1, 0.2]"
32x4,N002426,N003338,different,0.0959501557632398,False,"(-0.001, 0.1]"
32x4,N006423,N006425,same,0.9245508982035928,True,"(0.9, 1.0]"
32x4,N007876,N009829,different,0.3517096999302163,False,"(0.3, 0.4]"
32x4,N007687,N009311,different,0.3002274450341167,False,"(0.3, 0.4]"
32x4,N001746,N002955,different,0.0722702278083267,False,"(-0.001, 0.1]"
32x4,N008284,N008285,same,0.5817051509769094,True,"(0.5, 0.6]"
32x4,N001309,N011869,different,0.0875850340136054,False,"(-0.001, 0.1]"
32x4,N002589,N004081,different,0.094074074074074,False,"(-0.001, 0.1]"
32x4,N005300,N006349,different,0.3592760180995475,False,"(0.3, 0.4]"
32x4,N009455,N009456,same,0.5199556541019955,True,"(0.5, 0.6]"
32x4,N004081,N010560,different,0.1065340909090909,False,"(0.1, 0.2]"
32x4,N004306,N004307,same,0.9759519038076152,True,"(0.9, 1.0]"
32x4,N000884,N011090,different,0.2736549165120593,True,"(0.2, 0.3]"
32x4,N000010,N003634,different,0.0913520097442143,False,"(-0.001, 0.1]"
32x4,N002225,N011649,different,0.1497373029772329,False,"(0.1, 0.2]"
32x4,N001484,N003224,different,0.0819793205317577,False,"(-0.001, 0.1]"
32x4,N008411,N008412,same,0.3327338129496403,False,"(0.3, 0.4]"
32x4,N006804,N010502,different,0.116991643454039,False,"(0.1, 0.2]"
32x4,N009437,N010826,different,0.2679275019700551,True,"(0.2, 0.3]"
32x4,N000335,N007009,different,0.2506887052341597,True,"(0.2, 0.3]"
32x4,N002857,N005654,different,0.2818853974121996,False,"(0.2, 0.3]"
32x4,N000078,N007325,different,0.2183288409703504,False,"(0.2, 0.3]"
32x4,N000864,N005773,different,0.1325600662800331,False,"(0.1, 0.2]"
32x4,N007718,N008135,different,0.2505462490895848,False,"(0.2, 0.3]"
32x4,N006976,N010778,different,0.2959317585301837,False,"(0.2, 0.3]"
32x4,N002774,N011414,different,0.1521335807050092,False,"(0.1, 0.2]"
32x4,N004762,N010111,different,0.3640167364016736,False,"(0.3, 0.4]"
32x4,N003908,N003909,same,0.2212230215827338,False,"(0.2, 0.3]"
32x4,N000664,N000666,same,0.3923337091319053,False,"(0.3, 0.4]"
32x4,N004323,N009954,different,0.1318681318681318,False,"(0.1, 0.2]"
32x4,N010390,N011580,different,0.0972495088408644,False,"(-0.001, 0.1]"
32x4,N004880,N004881,same,0.8894289185905225,True,"(0.8, 0.9]"
32x4,N000818,N006620,different,0.1074870274277242,False,"(0.1, 0.2]"
32x4,N001043,N002862,different,0.162536443148688,False,"(0.1, 0.2]"
32x4,N000640,N011658,different,0.1055099648300117,False,"(0.1, 0.2]"
32x4,N008018,N008676,different,0.0754414125200642,False,"(-0.001, 0.1]"
32x4,N002685,N002686,same,0.4655462184873949,True,"(0.4, 0.5]"
32x4,N000449,N010133,different,0.14540059347181,False,"(0.1, 0.2]"
32x4,N004683,N007002,different,0.0996332518337408,False,"(-0.001, 0.1]"
32x4,N010844,N011602,different,0.1452513966480447,False,"(0.1, 0.2]"
32x4,N002440,N002443,same,0.2863568215892054,False,"(0.2, 0.3]"
32x4,N001357,N003372,different,0.1467473524962178,False,"(0.1, 0.2]"
32x4,N010856,N010857,same,0.6289640591966174,True,"(0.6, 0.7]"
32x4,N005262,N005263,same,0.2835365853658536,False,"(0.2, 0.3]"
32x4,N000070,N004969,different,0.3337571519389701,False,"(0.3, 0.4]"
32x4,N003615,N009126,different,0.3233190271816881,False,"(0.3, 0.4]"
32x4,N003236,N006862,different,0.0861001688238604,False,"(-0.001, 0.1]"
32x4,N001257,N005818,different,0.0948110185778347,False,"(-0.001, 0.1]"
32x4,N001027,N005073,different,0.1403038427167113,False,"(0.1, 0.2]"
32x4,N002169,N011831,different,0.147656940760389,False,"(0.1, 0.2]"
32x4,N002691,N005271,different,0.0987738419618528,False,"(-0.001, 0.1]"
32x4,N005141,N007639,different,0.1379310344827586,False,"(0.1, 0.2]"
32x4,N000675,N005669,different,0.283571915473756,False,"(0.2, 0.3]"
32x4,N005337,N011060,different,0.0707743547044129,False,"(-0.001, 0.1]"
32x4,N001699,N004758,different,0.0945541591861161,False,"(-0.001, 0.1]"
32x4,N007012,N009759,different,0.0990667623833453,False,"(-0.001, 0.1]"
32x4,N004855,N004856,same,0.5973568281938326,True,"(0.5, 0.6]"
32x4,N010491,N010492,same,0.6466666666666666,True,"(0.6, 0.7]"
32x4,N003270,N006319,different,0.0843293492695883,False,"(-0.001, 0.1]"
32x4,N003144,N011859,different,0.31328125,False,"(0.3, 0.4]"
32x4,N000889,N000890,same,0.5994897959183674,True,"(0.5, 0.6]"
32x4,N001432,N001435,same,0.648320895522388,True,"(0.6, 0.7]"
32x4,N008926,N010073,different,0.0964705882352941,False,"(-0.001, 0.1]"
32x4,N006903,N010093,different,0.1134580567290283,False,"(0.1, 0.2]"
32x4,N000486,N000487,same,0.9681647940074908,True,"(0.9, 1.0]"
32x4,N006198,N007366,different,0.0944055944055944,False,"(-0.001, 0.1]"
32x4,N004084,N004085,same,0.6447368421052632,True,"(0.6, 0.7]"
32x4,N007902,N007976,different,0.3400503778337531,False,"(0.3, 0.4]"
32x4,N002019,N002021,same,0.4759229534510433,True,"(0.4, 0.5]"
32x4,N008725,N008728,same,0.6208333333333333,True,"(0.6, 0.7]"
32x4,N001957,N001958,same,0.9729299363057324,True,"(0.9, 1.0]"
32x4,N005497,N008336,different,0.0771331058020477,False,"(-0.001, 0.1]"
32x4,N009301,N009302,same,0.9567901234567902,True,"(0.9, 1.0]"
32x4,N008499,N008952,different,0.184458398744113,False,"(0.1, 0.2]"
32x4,N002300,N003674,different,0.1021711366538952,False,"(0.1, 0.2]"
32x4,N009680,N011001,different,0.0691823899371069,False,"(-0.001, 0.1]"
32x4,N005556,N006568,different,0.0852490421455938,False,"(-0.001, 0.1]"
32x4,N003574,N007121,different,0.1371391076115485,False,"(0.1, 0.2]"
32x4,N004353,N004355,same,0.5606060606060606,True,"(0.5, 0.6]"
32x4,N004438,N004442,same,0.7453505007153076,True,"(0.7, 0.8]"
32x4,N004678,N004680,same,0.845372460496614,True,"(0.8, 0.9]"
32x4,N000056,N009414,different,0.0707417582417582,False,"(-0.001, 0.1]"
32x4,N005365,N009764,different,0.1579335793357933,False,"(0.1, 0.2]"
32x4,N002248,N003503,different,0.1531823085221143,False,"(0.1, 0.2]"
32x4,N010508,N010509,same,0.2839506172839506,False,"(0.2, 0.3]"
32x4,N001817,N007306,different,0.0861850443599493,False,"(-0.001, 0.1]"
32x4,N003274,N007023,different,0.272984441301273,False,"(0.2, 0.3]"
32x4,N005079,N005080,same,0.3261977573904179,True,"(0.3, 0.4]"
32x4,N000591,N011538,different,0.0934579439252336,False,"(-0.001, 0.1]"
32x4,N009925,N010387,different,0.1040627227369921,False,"(0.1, 0.2]"
32x4,N001053,N002186,different,0.1634328358208955,False,"(0.1, 0.2]"
32x4,N008562,N009324,different,0.2786421499292786,False,"(0.2, 0.3]"
32x4,N000250,N003051,different,0.0934933670246367,False,"(-0.001, 0.1]"
32x4,N001525,N001678,different,0.2859237536656892,False,"(0.2, 0.3]"
32x4,N008599,N008602,same,0.4840132304299889,True,"(0.4, 0.5]"
32x4,N003942,N010918,different,0.1376306620209059,False,"(0.1, 0.2]"
32x4,N002513,N007637,different,0.3067649028801071,False,"(0.3, 0.4]"
32x4,N009703,N009705,same,0.4839901477832512,True,"(0.4, 0.5]"
32x4,N004315,N009584,different,0.286231884057971,False,"(0.2, 0.3]"
32x4,N010620,N010621,same,0.9308578745198464,True,"(0.9, 1.0]"
32x4,N008248,N008249,same,0.3384064458370636,True,"(0.3, 0.4]"
32x4,N005222,N005225,same,0.3567961165048544,True,"(0.3, 0.4]"
32x4,N002502,N002505,same,0.9257362355953904,True,"(0.9, 1.0]"
32x4,N006200,N006201,same,0.3536155202821869,False,"(0.3, 0.4]"
32x4,N000217,N002582,different,0.1173498034811903,False,"(0.1, 0.2]"
32x4,N001207,N004094,different,0.2112299465240641,False,"(0.2, 0.3]"
32x4,N005453,N010471,different,0.146613545816733,False,"(0.1, 0.2]"
32x4,N001063,N005024,different,0.1646248085758039,False,"(0.1, 0.2]"
32x4,N000697,N005493,different,0.0663068619892058,False,"(-0.001, 0.1]"
32x4,N003555,N009272,different,0.0793051359516616,False,"(-0.001, 0.1]"
32x4,N005393,N007391,different,0.1392190152801358,False,"(0.1, 0.2]"
32x4,N006121,N009928,different,0.2727272727272727,False,"(0.2, 0.3]"
32x4,N004229,N006064,different,0.0764525993883792,False,"(-0.001, 0.1]"
32x4,N003265,N010005,different,0.2411924119241192,False,"(0.2, 0.3]"
32x4,N007303,N007376,different,0.0827790096082779,False,"(-0.001, 0.1]"
32x4,N005512,N007327,different,0.1870967741935484,False,"(0.1, 0.2]"
32x4,N009065,N011122,different,0.0844947735191637,False,"(-0.001, 0.1]"
32x4,N001376,N001377,same,0.3666369313113292,False,"(0.3, 0.4]"
32x4,N000357,N000359,same,0.6477857878475798,True,"(0.6, 0.7]"
32x4,N008677,N011938,different,0.1724444444444444,False,"(0.1, 0.2]"
32x4,N002197,N002198,same,0.4483159117305458,True,"(0.4, 0.5]"
32x4,N001905,N005873,different,0.3272583201267829,False,"(0.3, 0.4]"
32x4,N007497,N007499,same,0.6117216117216118,True,"(0.6, 0.7]"
32x4,N007334,N007335,same,0.920844327176781,True,"(0.9, 1.0]"
32x4,N002570,N005618,different,0.0920970752955818,False,"(-0.001, 0.1]"
32x4,N001074,N002707,different,0.0903030303030303,False,"(-0.001, 0.1]"
32x4,N003691,N004544,different,0.075098814229249,False,"(-0.001, 0.1]"
32x4,N003415,N008452,different,0.3090252707581227,False,"(0.3, 0.4]"
32x4,N011716,N011717,same,0.9684466019417476,True,"(0.9, 1.0]"
32x4,N001083,N011985,different,0.1822810590631364,False,"(0.1, 0.2]"
32x4,N011499,N011500,same,0.9854166666666668,True,"(0.9, 1.0]"
32x4,N004212,N009766,different,0.2657657657657657,False,"(0.2, 0.3]"
32x4,N002974,N006457,different,0.118141097424412,False,"(0.1, 0.2]"
32x4,N003854,N003855,same,0.601272534464475,False,"(0.6, 0.7]"
32x4,N005378,N005379,same,0.9411111111111112,True,"(0.9, 1.0]"
32x4,N011829,N011830,same,0.9524886877828054,True,"(0.9, 1.0]"
32x4,N005326,N006145,different,0.1395147313691507,False,"(0.1, 0.2]"
32x4,N006145,N006146,same,0.5334796926454446,True,"(0.5, 0.6]"
32x4,N002008,N003498,different,0.1640350877192982,False,"(0.1, 0.2]"
32x4,N010513,N010514,same,0.9177958446251128,True,"(0.9, 1.0]"
32x4,N000443,N006009,different,0.0799050632911392,False,"(-0.001, 0.1]"
32x4,N000043,N000050,same,0.9653937947494032,True,"(0.9, 1.0]"
32x4,N008967,N008968,same,0.2325581395348837,False,"(0.2, 0.3]"
32x4,N002801,N002802,same,0.5607043558850788,True,"(0.5, 0.6]"
32x4,N000119,N009303,different,0.0678353658536585,False,"(-0.001, 0.1]"
32x4,N002058,N002059,same,0.9442190669371197,True,"(0.9, 1.0]"
32x4,N001325,N009136,different,0.127420998980632,False,"(0.1, 0.2]"
32x4,N003642,N009092,different,0.1447236180904522,False,"(0.1, 0.2]"
32x4,N004298,N004299,same,0.9509116409537168,True,"(0.9, 1.0]"
32x4,N007729,N007732,same,0.9693053311793216,True,"(0.9, 1.0]"
32x4,N007652,N008774,different,0.3756805807622504,True,"(0.3, 0.4]"
32x4,N000834,N001578,different,0.0902989627821842,False,"(-0.001, 0.1]"
32x4,N002673,N009844,different,0.2776845637583892,False,"(0.2, 0.3]"
32x4,N003008,N009152,different,0.1383701188455008,False,"(0.1, 0.2]"
32x4,N001326,N001328,same,0.5508021390374331,True,"(0.5, 0.6]"
32x4,N009445,N009562,different,0.4446640316205533,True,"(0.4, 0.5]"
32x4,N005985,N009162,different,0.1014030612244897,False,"(0.1, 0.2]"
32x4,N004071,N004072,same,0.9052631578947368,True,"(0.9, 1.0]"
32x4,N000384,N002019,different,0.0843853820598006,False,"(-0.001, 0.1]"
32x4,N003494,N003495,same,0.1817325800376648,False,"(0.1, 0.2]"
32x4,N005806,N011786,different,0.1144981412639405,False,"(0.1, 0.2]"
32x4,N011420,N011984,different,0.3168812589413448,False,"(0.3, 0.4]"
32x4,N006646,N009384,different,0.0785773366418527,False,"(-0.001, 0.1]"
32x4,N002639,N002640,same,0.8840399002493765,True,"(0.8, 0.9]"
32x4,N006541,N009386,different,0.2901701323251417,False,"(0.2, 0.3]"
32x4,N006760,N008055,different,0.3215712383488682,False,"(0.3, 0.4]"
32x4,N001785,N004629,different,0.2834267413931144,False,"(0.2, 0.3]"
32x4,N000741,N000745,same,0.8818713450292398,True,"(0.8, 0.9]"
32x4,N008186,N009304,different,0.0994542146755609,False,"(-0.001, 0.1]"
32x4,N001323,N006364,different,0.1947368421052631,False,"(0.1, 0.2]"
32x4,N003863,N010008,different,0.1056578050443081,False,"(0.1, 0.2]"
32x4,N000058,N000184,different,0.3255451713395638,False,"(0.3, 0.4]"
32x4,N000412,N004657,different,0.1066176470588235,False,"(0.1, 0.2]"
32x4,N000926,N003644,different,0.3418290854572713,False,"(0.3, 0.4]"
32x4,N004369,N008199,different,0.1718027734976887,False,"(0.1, 0.2]"
32x4,N003450,N006996,different,0.1279439847231063,False,"(0.1, 0.2]"
32x4,N004410,N006730,different,0.0824808184143222,False,"(-0.001, 0.1]"
32x4,N006041,N011988,different,0.0927835051546391,False,"(-0.001, 0.1]"
32x4,N004913,N010317,different,0.1699101796407185,False,"(0.1, 0.2]"
32x4,N007995,N007997,same,0.541371158392435,True,"(0.5, 0.6]"
32x4,N001334,N006274,different,0.1018329938900203,False,"(0.1, 0.2]"
32x4,N004939,N011284,different,0.0746478873239436,False,"(-0.001, 0.1]"
32x4,N005634,N006584,different,0.1384335154826958,False,"(0.1, 0.2]"
32x4,N003301,N003302,same,0.5773508594539939,False,"(0.5, 0.6]"
32x4,N002267,N010375,different,0.153933865450399,False,"(0.1, 0.2]"
32x4,N003158,N007300,different,0.1354632587859424,False,"(0.1, 0.2]"
32x4,N002085,N007988,different,0.1443089430894309,False,"(0.1, 0.2]"
32x4,N001118,N001120,same,0.8758029978586723,True,"(0.8, 0.9]"
32x4,N000030,N006079,different,0.1613832853025936,False,"(0.1, 0.2]"
32x4,N005137,N009628,different,0.1541425818882466,False,"(0.1, 0.2]"
32x4,N004055,N008225,different,0.0862944162436548,False,"(-0.001, 0.1]"
32x4,N001879,N004065,different,0.1063569682151589,False,"(0.1, 0.2]"
32x4,N000486,N011101,different,0.1692307692307692,False,"(0.1, 0.2]"
32x4,N007430,N010330,different,0.3251231527093596,False,"(0.3, 0.4]"
32x4,N006041,N009700,different,0.3222698072805139,False,"(0.3, 0.4]"
32x4,N000297,N003849,different,0.0932260228034875,False,"(-0.001, 0.1]"
32x4,N003611,N007188,different,0.1410138248847926,False,"(0.1, 0.2]"
32x4,N009978,N009979,same,0.4236675700090334,True,"(0.4, 0.5]"
32x4,N001022,N001023,same,0.6022514071294559,True,"(0.6, 0.7]"
32x4,N001629,N005005,different,0.1293051359516616,False,"(0.1, 0.2]"
32x4,N002923,N007247,different,0.0982658959537572,False,"(-0.001, 0.1]"
32x4,N003164,N009587,different,0.1013147718484145,False,"(0.1, 0.2]"
32x4,N006832,N010598,different,0.1131428571428571,False,"(0.1, 0.2]"
32x4,N006511,N006512,same,0.6179673321234119,True,"(0.6, 0.7]"
32x4,N002304,N009060,different,0.086021505376344,False,"(-0.001, 0.1]"
32x4,N002106,N006701,different,0.1584077985377741,False,"(0.1, 0.2]"
32x4,N006856,N006857,same,0.5646651270207852,True,"(0.5, 0.6]"
32x4,N003821,N009085,different,0.3829383886255924,False,"(0.3, 0.4]"
32x4,N004522,N009816,different,0.4218905472636816,True,"(0.4, 0.5]"
32x4,N008514,N008515,same,0.4149043303121853,False,"(0.4, 0.5]"
32x4,N008382,N009718,different,0.078207381370826,False,"(-0.001, 0.1]"
32x4,N005805,N011332,different,0.3608617594254937,True,"(0.3, 0.4]"
32x4,N004216,N004699,different,0.1518867924528301,False,"(0.1, 0.2]"
32x4,N001432,N008873,different,0.2694158075601374,False,"(0.2, 0.3]"
32x4,N002149,N003382,different,0.0749128919860627,False,"(-0.001, 0.1]"
32x4,N004731,N009345,different,0.297808764940239,True,"(0.2, 0.3]"
32x4,N002163,N002307,different,0.2573266619013581,False,"(0.2, 0.3]"
32x4,N002952,N008752,different,0.1619850187265917,False,"(0.1, 0.2]"
32x4,N000745,N005843,different,0.1470588235294117,False,"(0.1, 0.2]"
32x4,N005260,N011019,different,0.0688073394495412,False,"(-0.001, 0.1]"
32x4,N002299,N009882,different,0.0745967741935483,False,"(-0.001, 0.1]"
32x4,N002171,N005867,different,0.1353996737357259,False,"(0.1, 0.2]"
32x4,N005334,N007457,different,0.146218487394958,False,"(0.1, 0.2]"
32x4,N005304,N005305,same,0.8472686733556298,True,"(0.8, 0.9]"
32x4,N005134,N005135,same,0.58469475494411,True,"(0.5, 0.6]"
32x4,N000982,N005390,different,0.1702702702702702,False,"(0.1, 0.2]"
32x4,N002992,N009046,different,0.2917933130699088,True,"(0.2, 0.3]"
32x4,N000628,N000633,same,0.3013856812933025,True,"(0.3, 0.4]"
32x4,N000573,N006170,different,0.0914777169663799,False,"(-0.001, 0.1]"
32x4,N010406,N010408,same,0.865979381443299,True,"(0.8, 0.9]"
32x4,N002446,N002447,same,0.5911799761620977,True,"(0.5, 0.6]"
32x4,N000735,N001335,different,0.3309061488673139,False,"(0.3, 0.4]"
32x4,N008238,N011480,different,0.2698548249359522,False,"(0.2, 0.3]"
32x4,N000321,N000443,different,0.0769903762029746,False,"(-0.001, 0.1]"
32x4,N007541,N007546,same,0.2680890538033395,False,"(0.2, 0.3]"
32x4,N002683,N007848,different,0.0800299177262528,False,"(-0.001, 0.1]"
32x4,N009983,N009985,same,0.2240943555181128,False,"(0.2, 0.3]"
32x4,N007568,N007570,same,0.4042328042328042,True,"(0.4, 0.5]"
32x4,N005448,N005962,different,0.1550855991943605,False,"(0.1, 0.2]"
32x4,N004767,N004768,same,0.8966165413533834,True,"(0.8, 0.9]"
32x4,N007023,N007916,different,0.264367816091954,False,"(0.2, 0.3]"
32x4,N000315,N000316,same,0.5152792413066386,False,"(0.5, 0.6]"
32x4,N001578,N002947,different,0.0990783410138248,False,"(-0.001, 0.1]"
32x4,N009857,N010711,different,0.1628113879003558,False,"(0.1, 0.2]"
32x4,N002290,N003634,different,0.3151476251604621,False,"(0.3, 0.4]"
32x4,N011438,N011440,same,0.6128668171557562,True,"(0.6, 0.7]"
32x4,N010035,N011646,different,0.2261580381471389,False,"(0.2, 0.3]"
32x4,N001295,N001296,same,0.6030444964871194,True,"(0.6, 0.7]"
32x4,N005825,N010265,different,0.1471861471861472,False,"(0.1, 0.2]"
32x4,N002351,N005508,different,0.2903663500678426,False,"(0.2, 0.3]"
32x4,N011075,N011077,same,0.938132733408324,True,"(0.9, 1.0]"
32x4,N011335,N011336,same,0.3637236084452975,False,"(0.3, 0.4]"
32x4,N000514,N011152,different,0.2706422018348624,False,"(0.2, 0.3]"
32x4,N010762,N010766,same,0.9164648910411622,True,"(0.9, 1.0]"
32x4,N001314,N003288,different,0.3101514301738642,False,"(0.3, 0.4]"
32x4,N001403,N001405,same,0.192573402417962,False,"(0.1, 0.2]"
32x4,N010389,N010391,same,0.8149556400506971,True,"(0.8, 0.9]"
32x4,N001258,N001261,same,0.8403263403263403,True,"(0.8, 0.9]"
32x4,N003574,N011053,different,0.2737611697806661,False,"(0.2, 0.3]"
32x4,N001484,N005371,different,0.2489051094890511,False,"(0.2, 0.3]"
32x4,N005426,N005427,same,0.9184027777777778,True,"(0.9, 1.0]"
32x4,N008443,N010211,different,0.1024165707710011,False,"(0.1, 0.2]"
32x4,N005517,N011613,different,0.0772532188841201,False,"(-0.001, 0.1]"
32x4,N005828,N010514,different,0.0763660302830809,False,"(-0.001, 0.1]"
32x4,N011154,N011156,same,0.6429170159262364,True,"(0.6, 0.7]"
32x4,N002595,N003310,different,0.1440501043841336,False,"(0.1, 0.2]"
32x4,N008630,N011336,different,0.3806509945750452,False,"(0.3, 0.4]"
32x4,N004951,N008794,different,0.2469135802469135,False,"(0.2, 0.3]"
32x4,N000391,N004186,different,0.2969215491559086,False,"(0.2, 0.3]"
32x4,N000166,N008677,different,0.1575282854656222,False,"(0.1, 0.2]"
32x4,N009154,N011317,different,0.1643598615916955,False,"(0.1, 0.2]"
32x4,N002589,N009612,different,0.2868068833652007,False,"(0.2, 0.3]"
32x4,N008268,N009916,different,0.2641509433962264,False,"(0.2, 0.3]"
32x4,N002316,N002317,same,0.4533648170011806,False,"(0.4, 0.5]"
32x4,N006596,N011033,different,0.0980113636363636,False,"(-0.001, 0.1]"
32x4,N010106,N010107,same,0.3946053946053946,True,"(0.3, 0.4]"
32x4,N008409,N008410,same,0.9393939393939394,True,"(0.9, 1.0]"
32x4,N001937,N007430,different,0.3319570602807597,False,"(0.3, 0.4]"
32x4,N000078,N006886,different,0.201058201058201,False,"(0.2, 0.3]"
32x4,N010999,N011001,same,0.291932059447983,False,"(0.2, 0.3]"
32x4,N001357,N010788,different,0.1478599221789883,False,"(0.1, 0.2]"
32x4,N000906,N011149,different,0.178021978021978,False,"(0.1, 0.2]"
32x4,N003435,N009318,different,0.1772053083528493,False,"(0.1, 0.2]"
32x4,N002916,N004445,different,0.1953125,False,"(0.1, 0.2]"
32x4,N003770,N011367,different,0.1791907514450867,False,"(0.1, 0.2]"
32x4,N010980,N010981,same,0.6417157275021026,True,"(0.6, 0.7]"
32x4,N005040,N005041,same,0.8434504792332268,True,"(0.8, 0.9]"
32x4,N008937,N008938,same,0.2071197411003236,False,"(0.2, 0.3]"
32x4,N002071,N006588,different,0.1064327485380117,False,"(0.1, 0.2]"
32x4,N010261,N011914,different,0.3001336898395721,False,"(0.3, 0.4]"
32x4,N000670,N000671,same,0.8675914249684742,True,"(0.8, 0.9]"
32x4,N000489,N007029,different,0.2322404371584699,False,"(0.2, 0.3]"
32x4,N007633,N010942,different,0.1265923566878981,False,"(0.1, 0.2]"
32x4,N005243,N006569,different,0.0957015409570154,False,"(-0.001, 0.1]"
32x4,N001083,N001567,different,0.1455576559546313,False,"(0.1, 0.2]"
32x4,N000282,N006591,different,0.1393786733837111,False,"(0.1, 0.2]"
32x4,N003362,N003364,same,0.9809825673534072,True,"(0.9, 1.0]"
32x4,N005927,N008816,different,0.351423487544484,True,"(0.3, 0.4]"
32x4,N001289,N001291,same,0.2361769352290679,False,"(0.2, 0.3]"
32x4,N005231,N005232,same,0.8878504672897196,True,"(0.8, 0.9]"
32x4,N003835,N003837,same,0.6961471103327496,True,"(0.6, 0.7]"
32x4,N004167,N005115,different,0.3166815343443354,False,"(0.3, 0.4]"
32x4,N002040,N003281,different,0.1557507987220447,False,"(0.1, 0.2]"
32x4,N002605,N010853,different,0.3170234454638124,False,"(0.3, 0.4]"
32x4,N011139,N011793,different,0.0953488372093023,False,"(-0.001, 0.1]"
32x4,N001458,N002506,different,0.1344860710854947,False,"(0.1, 0.2]"
32x4,N007148,N011853,different,0.3504482477587612,False,"(0.3, 0.4]"
32x4,N001791,N008583,different,0.2777300085984522,False,"(0.2, 0.3]"
32x4,N008993,N008995,same,0.8443804034582133,True,"(0.8, 0.9]"
32x4,N004043,N004218,different,0.2573839662447257,False,"(0.2, 0.3]"
32x4,N011601,N011603,same,0.8507462686567164,True,"(0.8, 0.9]"
32x4,N002945,N010292,different,0.1202860858257477,False,"(0.1, 0.2]"
32x4,N006385,N011130,different,0.2685765443151298,False,"(0.2, 0.3]"
32x4,N006764,N009477,different,0.2910521140609636,False,"(0.2, 0.3]"
32x4,N004409,N011892,different,0.1442369607211848,False,"(0.1, 0.2]"
32x4,N000023,N002700,different,0.2498054474708171,True,"(0.2, 0.3]"
32x4,N001669,N003264,different,0.1483126110124334,False,"(0.1, 0.2]"
32x4,N002831,N008460,different,0.0958429561200923,False,"(-0.001, 0.1]"
32x4,N004184,N005163,different,0.0921985815602836,False,"(-0.001, 0.1]"
32x4,N009665,N011482,different,0.0640050697084917,False,"(-0.001, 0.1]"
32x4,N000340,N009553,different,0.0751488095238095,False,"(-0.001, 0.1]"
32x4,N002043,N008828,different,0.1391880695940348,False,"(0.1, 0.2]"
32x4,N003466,N003469,same,0.5807086614173228,True,"(0.5, 0.6]"
32x4,N005064,N005067,same,0.6571691176470589,True,"(0.6, 0.7]"
32x4,N000030,N007467,different,0.1510204081632653,False,"(0.1, 0.2]"
32x4,N011900,N011901,same,0.530239099859353,True,"(0.5, 0.6]"
32x4,N006901,N008943,different,0.1622992392223161,False,"(0.1, 0.2]"
32x4,N003415,N005750,different,0.0863531225905936,False,"(-0.001, 0.1]"
32x4,N005350,N005352,same,0.3311688311688311,False,"(0.3, 0.4]"
32x4,N007614,N008823,different,0.0955710955710955,False,"(-0.001, 0.1]"
32x4,N004333,N008255,different,0.1396895787139689,False,"(0.1, 0.2]"
32x4,N009495,N009521,different,0.0991735537190082,False,"(-0.001, 0.1]"
32x4,N006462,N006463,same,0.9388264669163544,True,"(0.9, 1.0]"
32x4,N001629,N008262,different,0.1915584415584415,False,"(0.1, 0.2]"
32x4,N002516,N010795,different,0.1689933872152828,False,"(0.1, 0.2]"
32x4,N006622,N006623,same,0.7379912663755459,True,"(0.7, 0.8]"
32x4,N010081,N010082,same,0.6568386568386568,True,"(0.6, 0.7]"
32x4,N007560,N007561,same,0.5814634146341463,True,"(0.5, 0.6]"
32x4,N005941,N006998,different,0.3558875219683655,True,"(0.3, 0.4]"
32x4,N004062,N004438,different,0.1415384615384615,False,"(0.1, 0.2]"
32x4,N000990,N002973,different,0.084899546338302,False,"(-0.001, 0.1]"
32x4,N008321,N008641,different,0.2898172323759791,False,"(0.2, 0.3]"
32x4,N008561,N008562,same,0.6104910714285714,True,"(0.6, 0.7]"
32x4,N001360,N001361,same,0.9364791288566244,True,"(0.9, 1.0]"
32x4,N008993,N008994,same,0.9569230769230768,True,"(0.9, 1.0]"
32x4,N005108,N005109,same,0.6783018867924528,True,"(0.6, 0.7]"
32x4,N001983,N001984,same,0.5324189526184538,True,"(0.5, 0.6]"
32x4,N006038,N009049,different,0.0978613091380427,False,"(-0.001, 0.1]"
32x4,N001413,N007076,different,0.1462383770076077,False,"(0.1, 0.2]"
32x4,N005772,N005776,same,0.28125,False,"(0.2, 0.3]"
32x4,N000237,N009075,different,0.289278489548213,False,"(0.2, 0.3]"
32x4,N011043,N011048,same,0.2190812720848056,False,"(0.2, 0.3]"
32x4,N004742,N006981,different,0.1411764705882353,False,"(0.1, 0.2]"
32x4,N004801,N004802,same,0.5285565939771547,True,"(0.5, 0.6]"
32x4,N003994,N003995,same,0.1904427266338721,False,"(0.1, 0.2]"
32x4,N000643,N009675,different,0.3375104427736006,False,"(0.3, 0.4]"
32x4,N006086,N006087,same,0.8858131487889274,True,"(0.8, 0.9]"
32x4,N000266,N010102,different,0.1803444782168186,False,"(0.1, 0.2]"
32x4,N005028,N009701,different,0.1790055248618784,False,"(0.1, 0.2]"
32x4,N009670,N009671,same,0.8648068669527897,True,"(0.8, 0.9]"
32x4,N001005,N001804,different,0.3295910184442662,False,"(0.3, 0.4]"
32x4,N005314,N010609,different,0.3155248271527341,False,"(0.3, 0.4]"
32x4,N000417,N000419,same,0.8974630021141649,True,"(0.8, 0.9]"
32x4,N011041,N011048,same,0.2029702970297029,False,"(0.2, 0.3]"
32x4,N000992,N001435,different,0.1458333333333333,False,"(0.1, 0.2]"
32x4,N004107,N008166,different,0.0949968334388853,False,"(-0.001, 0.1]"
32x4,N002590,N002591,same,0.9096638655462184,True,"(0.9, 1.0]"
32x4,N005119,N005121,same,0.6189989785495403,True,"(0.6, 0.7]"
32x4,N002826,N007185,different,0.0813782991202346,False,"(-0.001, 0.1]"
32x4,N009349,N009350,same,0.8160112359550562,True,"(0.8, 0.9]"
32x4,N003121,N005007,different,0.0815394651011089,False,"(-0.001, 0.1]"
32x4,N002947,N003566,different,0.0623249299719887,False,"(-0.001, 0.1]"
32x4,N000485,N000488,same,0.7495987158908507,True,"(0.7, 0.8]"
32x4,N004349,N011691,different,0.3185454545454545,False,"(0.3, 0.4]"
32x4,N011281,N011282,same,0.6614785992217899,True,"(0.6, 0.7]"
32x4,N003865,N009372,different,0.1059907834101382,False,"(0.1, 0.2]"
32x4,N001198,N010109,different,0.2690553745928338,False,"(0.2, 0.3]"
32x4,N011975,N011976,same,0.5850178359096314,False,"(0.5, 0.6]"
32x4,N006419,N007183,different,0.0772818121252498,False,"(-0.001, 0.1]"
32x4,N010407,N010605,different,0.1515151515151515,False,"(0.1, 0.2]"
32x4,N009079,N010570,different,0.3605042016806722,False,"(0.3, 0.4]"
32x4,N001415,N006560,different,0.2685258964143426,False,"(0.2, 0.3]"
32x4,N001653,N001654,same,0.5543735224586288,True,"(0.5, 0.6]"
32x4,N003355,N003823,different,0.0769230769230769,False,"(-0.001, 0.1]"
32x4,N000355,N005276,different,0.26412092283214,False,"(0.2, 0.3]"
32x4,N007573,N007574,same,0.3570110701107011,True,"(0.3, 0.4]"
32x4,N007999,N008002,same,0.9117199391171994,True,"(0.9, 1.0]"
32x4,N007057,N010814,different,0.0668073136427566,False,"(-0.001, 0.1]"
32x4,N000264,N009708,different,0.2144772117962466,False,"(0.2, 0.3]"
32x4,N008825,N008828,same,0.5317982456140351,True,"(0.5, 0.6]"
32x4,N001284,N006893,different,0.1234298197706171,False,"(0.1, 0.2]"
32x4,N011033,N011035,same,0.9331243469174504,True,"(0.9, 1.0]"
32x4,N004348,N004349,same,0.4239244491080797,True,"(0.4, 0.5]"
32x4,N004177,N010930,different,0.1464566929133858,False,"(0.1, 0.2]"
32x4,N003845,N003847,same,0.6045454545454545,True,"(0.6, 0.7]"
32x4,N004106,N004107,same,0.2232854864433811,True,"(0.2, 0.3]"
32x4,N007911,N009413,different,0.1477024070021881,False,"(0.1, 0.2]"
32x4,N001010,N001011,same,0.276456111566858,False,"(0.2, 0.3]"
32x4,N009213,N010572,different,0.1050818260120585,False,"(0.1, 0.2]"
32x4,N006364,N006366,same,0.2250879249706917,False,"(0.2, 0.3]"
32x4,N001447,N003703,different,0.1397306397306397,False,"(0.1, 0.2]"
32x4,N009727,N010185,different,0.0970654627539503,False,"(-0.001, 0.1]"
32x4,N000605,N002652,different,0.1330724070450097,False,"(0.1, 0.2]"
32x4,N004016,N004017,same,0.2031578947368421,False,"(0.2, 0.3]"
32x4,N010689,N011576,different,0.0894886363636363,False,"(-0.001, 0.1]"
32x4,N001733,N001734,same,0.6893787575150301,True,"(0.6, 0.7]"
32x4,N004845,N007461,different,0.0921630094043887,False,"(-0.001, 0.1]"
32x4,N010880,N010881,same,0.8031400966183575,True,"(0.8, 0.9]"
32x4,N000498,N001176,different,0.1601005867560771,False,"(0.1, 0.2]"
32x4,N001285,N003729,different,0.1102484472049689,False,"(0.1, 0.2]"
32x4,N006173,N008196,different,0.14765625,False,"(0.1, 0.2]"
32x4,N008110,N009707,different,0.3269372693726937,True,"(0.3, 0.4]"
32x4,N007193,N010619,different,0.368075117370892,True,"(0.3, 0.4]"
32x4,N000561,N003679,different,0.323671497584541,True,"(0.3, 0.4]"
32x4,N003026,N003027,same,0.5643678160919541,True,"(0.5, 0.6]"
32x4,N004552,N004553,same,0.6983523447401775,True,"(0.6, 0.7]"
32x4,N007647,N009169,different,0.3389687235841082,False,"(0.3, 0.4]"
32x4,N005744,N010823,different,0.2867647058823529,False,"(0.2, 0.3]"
32x4,N001880,N002772,different,0.0958445040214477,False,"(-0.001, 0.1]"
32x4,N003351,N006982,different,0.1141998497370398,False,"(0.1, 0.2]"
32x4,N006591,N011935,different,0.1929555895865237,False,"(0.1, 0.2]"
32x4,N008482,N010584,different,0.1490196078431372,False,"(0.1, 0.2]"
32x4,N005814,N006544,different,0.0801603206412825,False,"(-0.001, 0.1]"
32x4,N006622,N006638,different,0.0906921241050119,False,"(-0.001, 0.1]"
32x4,N008603,N010598,different,0.0956123117223313,False,"(-0.001, 0.1]"
32x4,N000753,N000755,same,0.8480603448275862,True,"(0.8, 0.9]"
32x4,N006153,N009437,different,0.3043110735418428,False,"(0.3, 0.4]"
32x4,N002548,N010207,different,0.2938829787234042,False,"(0.2, 0.3]"
32x4,N004026,N010431,different,0.1547518923465096,False,"(0.1, 0.2]"
32x4,N000339,N002440,different,0.1505483549351944,False,"(0.1, 0.2]"
32x4,N000964,N008611,different,0.2659323367427222,False,"(0.2, 0.3]"
32x4,N001833,N004195,different,0.3014037985136251,False,"(0.3, 0.4]"
32x4,N001282,N004950,different,0.0784574468085106,False,"(-0.001, 0.1]"
32x4,N000030,N009868,different,0.1555755395683453,False,"(0.1, 0.2]"
32x4,N001010,N004708,different,0.3507030603804797,True,"(0.3, 0.4]"
32x4,N000566,N008517,different,0.1011804384485666,False,"(0.1, 0.2]"
32x4,N011092,N011095,same,0.6663755458515284,True,"(0.6, 0.7]"
32x4,N001983,N009014,different,0.1359918200408998,False,"(0.1, 0.2]"
32x4,N005044,N005045,same,0.9210526315789472,True,"(0.9, 1.0]"
32x4,N003201,N003203,same,0.9783549783549784,True,"(0.9, 1.0]"
32x4,N000238,N001915,different,0.1671469740634005,False,"(0.1, 0.2]"
32x4,N000461,N004754,different,0.3898635477582846,False,"(0.3, 0.4]"
32x4,N000135,N010890,different,0.0812591508052708,False,"(-0.001, 0.1]"
32x4,N011414,N011759,different,0.1572398190045248,False,"(0.1, 0.2]"
32x4,N003751,N007825,different,0.1239669421487603,False,"(0.1, 0.2]"
32x4,N006774,N009531,different,0.3891625615763547,False,"(0.3, 0.4]"
32x4,N000516,N006620,different,0.1325301204819277,False,"(0.1, 0.2]"
32x4,N004325,N004949,different,0.15234375,False,"(0.1, 0.2]"
32x4,N000557,N004353,different,0.1445993031358885,False,"(0.1, 0.2]"
32x4,N000286,N008208,different,0.3361823361823361,False,"(0.3, 0.4]"
32x4,N002691,N010535,different,0.3512682551883166,True,"(0.3, 0.4]"
32x4,N000490,N006570,different,0.2663204747774481,False,"(0.2, 0.3]"
32x4,N005692,N009368,different,0.085691823899371,False,"(-0.001, 0.1]"
32x4,N006324,N006325,same,0.5694945848375451,True,"(0.5, 0.6]"
32x4,N004951,N011682,different,0.2740094022834117,False,"(0.2, 0.3]"
32x4,N010982,N010985,same,0.6229187071498531,True,"(0.6, 0.7]"
32x4,N009834,N009835,same,0.499348109517601,True,"(0.4, 0.5]"
32x4,N003500,N003501,same,0.6286644951140065,True,"(0.6, 0.7]"
32x4,N010499,N011269,different,0.0714285714285714,False,"(-0.001, 0.1]"
32x4,N005257,N010502,different,0.0915619389587073,False,"(-0.001, 0.1]"
32x4,N003920,N006487,different,0.1234177215189873,False,"(0.1, 0.2]"
32x4,N011834,N011835,same,0.8736842105263158,True,"(0.8, 0.9]"
32x4,N004364,N007454,different,0.1157613535173642,False,"(0.1, 0.2]"
32x4,N004158,N008744,different,0.1572212065813528,False,"(0.1, 0.2]"
32x4,N005771,N006045,different,0.0828351836037574,False,"(-0.001, 0.1]"
32x4,N001865,N011525,different,0.1589506172839506,False,"(0.1, 0.2]"
32x4,N001362,N001363,same,0.2083333333333333,False,"(0.2, 0.3]"
32x4,N009863,N009866,same,0.280248190279214,True,"(0.2, 0.3]"
32x4,N000175,N002508,different,0.1800573888091822,False,"(0.1, 0.2]"
32x4,N006545,N006546,same,0.6821561338289963,True,"(0.6, 0.7]"
32x4,N000215,N005986,different,0.3366583541147132,True,"(0.3, 0.4]"
32x4,N004433,N011613,different,0.085079365079365,False,"(-0.001, 0.1]"
32x4,N000064,N010912,different,0.0785478547854785,False,"(-0.001, 0.1]"
32x4,N008572,N009975,different,0.1344086021505376,False,"(0.1, 0.2]"
32x4,N000431,N001948,different,0.1157742402315484,False,"(0.1, 0.2]"
32x4,N002598,N004139,different,0.1470349309504467,False,"(0.1, 0.2]"
32x4,N007063,N007064,same,0.6487046632124353,True,"(0.6, 0.7]"
32x4,N008238,N008239,same,0.6111685625646329,True,"(0.6, 0.7]"
32x4,N000518,N009485,different,0.0629084967320261,False,"(-0.001, 0.1]"
32x4,N003093,N003735,different,0.0844529750479846,False,"(-0.001, 0.1]"
32x4,N001977,N007620,different,0.0846297448662103,False,"(-0.001, 0.1]"
32x4,N009205,N009208,same,0.3792434529582929,True,"(0.3, 0.4]"
32x4,N003317,N010218,different,0.1335740072202166,False,"(0.1, 0.2]"
32x4,N006112,N006266,different,0.0989232839838492,False,"(-0.001, 0.1]"
32x4,N003208,N003758,different,0.110684580934101,False,"(0.1, 0.2]"
32x4,N008188,N008190,same,0.9590747330960854,True,"(0.9, 1.0]"
32x4,N003051,N011987,different,0.0884955752212389,False,"(-0.001, 0.1]"
32x4,N001446,N004867,different,0.1058738216098622,False,"(0.1, 0.2]"
32x4,N000895,N009304,different,0.3308270676691729,False,"(0.3, 0.4]"
32x4,N000161,N010769,different,0.0740992522093813,False,"(-0.001, 0.1]"
32x4,N003327,N003328,same,0.6176470588235294,True,"(0.6, 0.7]"
32x4,N008176,N010603,different,0.0986582478295185,False,"(-0.001, 0.1]"
32x4,N001633,N001634,same,0.285921625544267,False,"(0.2, 0.3]"
32x4,N004001,N007546,different,0.4297297297297297,False,"(0.4, 0.5]"
32x4,N000937,N000938,same,0.5021834061135371,True,"(0.5, 0.6]"
32x4,N008048,N008050,same,0.9325551232166018,True,"(0.9, 1.0]"
32x4,N004328,N008917,different,0.1522222222222222,False,"(0.1, 0.2]"
32x4,N004757,N008828,different,0.1517367458866544,False,"(0.1, 0.2]"
32x4,N005397,N005398,same,0.2808290155440414,True,"(0.2, 0.3]"
32x4,N001291,N007292,different,0.1559909570459683,False,"(0.1, 0.2]"
32x4,N007205,N007207,same,0.985358711566618,True,"(0.9, 1.0]"
32x4,N002229,N011361,different,0.3763066202090592,True,"(0.3, 0.4]"
32x4,N005375,N005716,different,0.0989819004524886,False,"(-0.001, 0.1]"
32x4,N002758,N002818,different,0.1445086705202312,False,"(0.1, 0.2]"
32x4,N009564,N011151,different,0.3139890042761148,False,"(0.3, 0.4]"
32x4,N008487,N008488,same,0.8970380818053597,True,"(0.8, 0.9]"
32x4,N007856,N007858,same,0.5937873357228196,True,"(0.5, 0.6]"
32x4,N000647,N001025,different,0.086284610431423,False,"(-0.001, 0.1]"
32x4,N003489,N010336,different,0.1485249237029501,False,"(0.1, 0.2]"
32x4,N000327,N009318,different,0.1621621621621621,False,"(0.1, 0.2]"
32x4,N005431,N006150,different,0.1001990710019907,False,"(0.1, 0.2]"
32x4,N002684,N004549,different,0.0852309694209499,False,"(-0.001, 0.1]"
32x4,N005744,N007062,different,0.080028328611898,False,"(-0.001, 0.1]"
32x4,N004248,N011184,different,0.1342828077314344,True,"(0.1, 0.2]"
32x4,N003020,N003021,same,0.3939393939393939,False,"(0.3, 0.4]"
32x4,N000160,N003947,different,0.1815980629539951,False,"(0.1, 0.2]"
32x4,N006712,N008335,different,0.1577928363988383,False,"(0.1, 0.2]"
32x4,N000843,N005365,different,0.1390274314214463,False,"(0.1, 0.2]"
32x4,N011628,N011629,same,0.2601449275362318,False,"(0.2, 0.3]"
32x4,N000026,N011332,different,0.3570391872278665,False,"(0.3, 0.4]"
32x4,N003058,N009240,different,0.1333333333333333,False,"(0.1, 0.2]"
32x4,N000396,N000397,same,0.3152920962199312,False,"(0.3, 0.4]"
32x4,N006146,N006401,different,0.094521372667068,False,"(-0.001, 0.1]"
32x4,N007004,N011967,different,0.1545643153526971,False,"(0.1, 0.2]"
32x4,N002229,N002230,same,0.3728029602220166,False,"(0.3, 0.4]"
32x4,N002088,N011862,different,0.2764084507042254,False,"(0.2, 0.3]"
32x4,N004709,N004711,same,0.9244444444444444,True,"(0.9, 1.0]"
32x4,N001940,N002621,different,0.1055099648300117,False,"(0.1, 0.2]"
32x4,N004803,N004804,same,0.841091492776886,True,"(0.8, 0.9]"
32x4,N003748,N011207,different,0.0830924855491329,False,"(-0.001, 0.1]"
32x4,N001623,N010411,different,0.0740169622205088,False,"(-0.001, 0.1]"
32x4,N002821,N007053,different,0.2627627627627628,True,"(0.2, 0.3]"
32x4,N001977,N006802,different,0.3533434650455927,False,"(0.3, 0.4]"
32x4,N000993,N011320,different,0.1631912964641886,False,"(0.1, 0.2]"
32x4,N008784,N011076,different,0.3138479001135074,True,"(0.3, 0.4]"
32x4,N001137,N005072,different,0.1214488636363636,False,"(0.1, 0.2]"
32x4,N007487,N007491,same,0.4421437271619975,True,"(0.4, 0.5]"
32x4,N002401,N005487,different,0.1476793248945147,False,"(0.1, 0.2]"
32x4,N001101,N002086,different,0.1072625698324022,False,"(0.1, 0.2]"
32x4,N004655,N010935,different,0.3268456375838926,False,"(0.3, 0.4]"
32x4,N004085,N004086,same,0.8783943329397875,True,"(0.8, 0.9]"
32x4,N003125,N003127,same,0.8840399002493765,True,"(0.8, 0.9]"
32x4,N001101,N001666,different,0.1078184110970996,False,"(0.1, 0.2]"
32x4,N001141,N001142,same,0.2220956719817767,False,"(0.2, 0.3]"
32x4,N006480,N008863,different,0.0788423153692614,False,"(-0.001, 0.1]"
32x4,N000817,N011666,different,0.2837370242214533,False,"(0.2, 0.3]"
32x4,N000219,N003185,different,0.1503215434083601,False,"(0.1, 0.2]"
32x4,N001988,N006863,different,0.1072925398155909,False,"(0.1, 0.2]"
32x4,N009478,N009479,same,0.622093023255814,True,"(0.6, 0.7]"
32x4,N001784,N005288,different,0.0949806949806949,False,"(-0.001, 0.1]"
32x4,N001436,N002155,different,0.06843853820598,False,"(-0.001, 0.1]"
32x4,N006423,N011777,different,0.1448066717210007,False,"(0.1, 0.2]"
32x4,N006565,N006569,same,0.272189349112426,False,"(0.2, 0.3]"
32x4,N003427,N006396,different,0.1789473684210526,False,"(0.1, 0.2]"
32x4,N009745,N009848,different,0.3070866141732283,False,"(0.3, 0.4]"
32x4,N002762,N002765,same,0.6002202643171806,True,"(0.6, 0.7]"
32x4,N000065,N000124,different,0.1021437578814628,False,"(0.1, 0.2]"
32x4,N001140,N008945,different,0.1195198329853862,False,"(0.1, 0.2]"
32x4,N002973,N002974,same,0.7129455909943715,True,"(0.7, 0.8]"
32x4,N006774,N006775,same,0.3181818181818182,True,"(0.3, 0.4]"
32x4,N011429,N011433,same,0.5985853227232537,True,"(0.5, 0.6]"
32x4,N009822,N009823,same,0.2852729145211122,False,"(0.2, 0.3]"
32x4,N009371,N009372,same,0.625,True,"(0.6, 0.7]"
32x4,N001006,N009138,different,0.2263157894736842,False,"(0.2, 0.3]"
32x4,N000723,N009281,different,0.0880195599022004,False,"(-0.001, 0.1]"
32x4,N000259,N003124,different,0.1635311143270622,False,"(0.1, 0.2]"
32x4,N002544,N002792,different,0.3598360655737705,False,"(0.3, 0.4]"
32x4,N002931,N008664,different,0.2419354838709677,False,"(0.2, 0.3]"
32x4,N000990,N002132,different,0.2771699489423778,True,"(0.2, 0.3]"
32x4,N005946,N007449,different,0.1117678667383127,False,"(0.1, 0.2]"
32x4,N004307,N010960,different,0.1471984805318138,False,"(0.1, 0.2]"
32x4,N005835,N008645,different,0.3813084112149533,True,"(0.3, 0.4]"
32x4,N001422,N004687,different,0.2548476454293629,False,"(0.2, 0.3]"
32x4,N007233,N007728,different,0.0721997300944669,False,"(-0.001, 0.1]"
32x4,N009592,N009782,different,0.1672,False,"(0.1, 0.2]"
32x4,N011533,N011534,same,0.5235803657362849,True,"(0.5, 0.6]"
32x4,N005300,N005301,same,0.9293044469783353,True,"(0.9, 1.0]"
32x4,N005855,N007938,different,0.1415384615384615,False,"(0.1, 0.2]"
32x4,N007921,N007922,same,0.5435244161358811,True,"(0.5, 0.6]"
32x4,N001521,N006976,different,0.2919605077574048,False,"(0.2, 0.3]"
32x4,N000725,N008406,different,0.2877094972067039,False,"(0.2, 0.3]"
32x4,N004174,N006820,different,0.1487481590574374,False,"(0.1, 0.2]"
32x4,N000607,N004665,different,0.1477170993733214,False,"(0.1, 0.2]"
32x4,N003228,N006079,different,0.1407942238267148,False,"(0.1, 0.2]"
32x4,N010506,N010507,same,0.5048231511254019,True,"(0.5, 0.6]"
32x4,N010699,N010700,same,0.527363184079602,True,"(0.5, 0.6]"
32x4,N001185,N004181,different,0.2413509060955519,False,"(0.2, 0.3]"
32x4,N005027,N005028,same,0.9024767801857584,True,"(0.9, 1.0]"
32x4,N001758,N009092,different,0.1349557522123893,False,"(0.1, 0.2]"
32x4,N002928,N003582,different,0.0769716088328075,False,"(-0.001, 0.1]"
32x4,N003050,N008741,different,0.3537300922045264,False,"(0.3, 0.4]"
32x4,N004158,N011487,different,0.1392045454545454,False,"(0.1, 0.2]"
32x4,N000139,N007621,different,0.1408582089552238,False,"(0.1, 0.2]"
32x4,N007036,N007038,same,0.3094098883572568,False,"(0.3, 0.4]"
32x4,N002201,N002648,different,0.1412056151940545,False,"(0.1, 0.2]"
32x4,N000003,N000843,different,0.3449074074074074,False,"(0.3, 0.4]"
32x4,N007190,N008966,different,0.1497277676950998,False,"(0.1, 0.2]"
32x4,N010033,N010034,same,0.9582712369597616,True,"(0.9, 1.0]"
32x4,N005989,N005990,same,0.5709057639524245,True,"(0.5, 0.6]"
32x4,N002242,N004023,different,0.134,False,"(0.1, 0.2]"
32x4,N000443,N004578,different,0.0691624365482233,False,"(-0.001, 0.1]"
32x4,N005743,N005744,same,0.3746283448959365,False,"(0.3, 0.4]"
32x4,N003903,N006662,different,0.0873124147339699,False,"(-0.001, 0.1]"
32x4,N011033,N011036,same,0.5340572556762093,True,"(0.5, 0.6]"
32x4,N006643,N006644,same,0.3333333333333333,True,"(0.3, 0.4]"
32x4,N003720,N006775,different,0.2016348773841962,True,"(0.2, 0.3]"
32x4,N003418,N007053,different,0.1395193591455273,False,"(0.1, 0.2]"
32x4,N003804,N005139,different,0.1006389776357827,False,"(0.1, 0.2]"
32x4,N002540,N007668,different,0.0836261419536191,False,"(-0.001, 0.1]"
32x4,N008366,N008369,same,0.8988529718456726,True,"(0.8, 0.9]"
32x4,N010742,N010743,same,0.5047418335089568,True,"(0.5, 0.6]"
32x4,N004746,N004760,different,0.1681005956320317,False,"(0.1, 0.2]"
32x4,N007368,N009303,different,0.2859574468085106,False,"(0.2, 0.3]"
32x4,N007396,N007397,same,0.9009433962264152,True,"(0.9, 1.0]"
32x4,N001143,N009969,different,0.2577235772357724,False,"(0.2, 0.3]"
32x4,N002468,N002469,same,0.9352869352869352,True,"(0.9, 1.0]"
32x4,N007220,N011663,different,0.1265646731571627,False,"(0.1, 0.2]"
32x4,N005926,N007181,different,0.1407471763683753,False,"(0.1, 0.2]"
32x4,N003437,N005168,different,0.0696721311475409,False,"(-0.001, 0.1]"
32x4,N000355,N000372,different,0.1086691086691086,False,"(0.1, 0.2]"
32x4,N010682,N010683,same,0.935093509350935,True,"(0.9, 1.0]"
32x4,N004567,N008956,different,0.1710193765796124,False,"(0.1, 0.2]"
32x4,N008093,N008094,same,0.3982947624847747,True,"(0.3, 0.4]"
32x4,N004447,N004449,same,0.3492063492063492,False,"(0.3, 0.4]"
32x4,N001475,N004007,different,0.1066387872451646,False,"(0.1, 0.2]"
32x4,N001138,N009030,different,0.0905263157894736,False,"(-0.001, 0.1]"
32x4,N004140,N010723,different,0.2790697674418604,False,"(0.2, 0.3]"
32x4,N007477,N007828,different,0.3167655786350148,False,"(0.3, 0.4]"
32x4,N008284,N009896,different,0.1411462788708297,False,"(0.1, 0.2]"
32x4,N006759,N008551,different,0.1343065693430657,False,"(0.1, 0.2]"
32x4,N004856,N010634,different,0.313182811361981,False,"(0.3, 0.4]"
32x4,N003022,N010880,different,0.1012965964343598,False,"(0.1, 0.2]"
32x4,N001271,N001372,different,0.1405353728489483,False,"(0.1, 0.2]"
32x4,N002952,N006725,different,0.1591448931116389,False,"(0.1, 0.2]"
32x4,N009630,N010560,different,0.2610294117647059,False,"(0.2, 0.3]"
32x4,N002342,N008733,different,0.1140724946695096,False,"(0.1, 0.2]"
32x4,N002631,N007528,different,0.1314741035856573,False,"(0.1, 0.2]"
32x4,N002957,N003701,different,0.1141950832672482,False,"(0.1, 0.2]"
32x4,N011515,N011516,same,0.4451476793248945,False,"(0.4, 0.5]"
32x4,N004013,N005436,different,0.0877862595419847,False,"(-0.001, 0.1]"
32x4,N010144,N010145,same,0.950354609929078,True,"(0.9, 1.0]"
32x4,N004509,N004511,same,0.6730103806228374,True,"(0.6, 0.7]"
32x4,N003868,N011674,different,0.152,False,"(0.1, 0.2]"
32x4,N008357,N009838,different,0.1414141414141414,False,"(0.1, 0.2]"
32x4,N005241,N005242,same,0.8484375,True,"(0.8, 0.9]"
32x4,N008230,N009234,different,0.0799207397622192,False,"(-0.001, 0.1]"
32x4,N000666,N000923,different,0.0755523877405559,False,"(-0.001, 0.1]"
32x4,N003267,N005780,different,0.1529105125977411,False,"(0.1, 0.2]"
32x4,N001044,N001720,different,0.09875,False,"(-0.001, 0.1]"
32x4,N011522,N011523,same,0.5862068965517241,True,"(0.5, 0.6]"
32x4,N009330,N010526,different,0.1628919860627177,False,"(0.1, 0.2]"
32x4,N003319,N008808,different,0.3280788177339901,False,"(0.3, 0.4]"
32x4,N006178,N006182,same,0.3955296404275996,True,"(0.3, 0.4]"
32x4,N002814,N005953,different,0.1319857312722948,False,"(0.1, 0.2]"
32x4,N007615,N007616,same,0.6785714285714286,True,"(0.6, 0.7]"
32x4,N007876,N007877,same,0.4831261101243339,True,"(0.4, 0.5]"
32x4,N004729,N004730,same,0.4846870838881491,False,"(0.4, 0.5]"
32x4,N005862,N006116,different,0.3430749682337992,False,"(0.3, 0.4]"
32x4,N000562,N005787,different,0.0849335302806499,False,"(-0.001, 0.1]"
32x4,N007575,N009140,different,0.0734966592427616,False,"(-0.001, 0.1]"
32x4,N011000,N011001,same,0.2851239669421487,False,"(0.2, 0.3]"
32x4,N006167,N009175,different,0.1465076660988075,False,"(0.1, 0.2]"
32x4,N004662,N009916,different,0.106290672451193,False,"(0.1, 0.2]"
32x4,N010431,N010432,same,0.8757062146892656,True,"(0.8, 0.9]"
32x4,N001509,N001510,same,0.6080617495711835,True,"(0.6, 0.7]"
32x4,N000737,N002287,different,0.1294212218649517,False,"(0.1, 0.2]"
32x4,N001764,N001765,same,0.5420118343195266,True,"(0.5, 0.6]"
32x4,N004877,N006275,different,0.1703810208483105,False,"(0.1, 0.2]"
32x4,N002351,N006165,different,0.2677642980935875,False,"(0.2, 0.3]"
32x4,N009140,N009547,different,0.3079448456992777,False,"(0.3, 0.4]"
32x4,N007104,N007105,same,0.9476635514018692,True,"(0.9, 1.0]"
32x4,N000463,N000465,same,0.6717557251908397,True,"(0.6, 0.7]"
32x4,N001124,N011201,different,0.1432225063938619,False,"(0.1, 0.2]"
32x4,N004151,N010614,different,0.3766122098022356,False,"(0.3, 0.4]"
32x4,N003957,N007645,different,0.1379038613081166,False,"(0.1, 0.2]"
32x4,N003941,N009735,different,0.095561035758323,False,"(-0.001, 0.1]"
32x4,N000647,N008088,different,0.0801498127340823,False,"(-0.001, 0.1]"
32x4,N002017,N005475,different,0.2821522309711286,True,"(0.2, 0.3]"
32x4,N000323,N006510,different,0.1636726546906187,False,"(0.1, 0.2]"
32x4,N008539,N008542,same,0.3689024390243902,False,"(0.3, 0.4]"
32x4,N002578,N006004,different,0.3570843570843571,False,"(0.3, 0.4]"
32x4,N001918,N002086,different,0.1120646138313982,False,"(0.1, 0.2]"
32x4,N002507,N002508,same,0.9279711884753902,True,"(0.9, 1.0]"
32x4,N001934,N011090,different,0.2501878287002254,True,"(0.2, 0.3]"
32x4,N004269,N011588,different,0.2105263157894736,False,"(0.2, 0.3]"
32x4,N005629,N006728,different,0.1042810098792535,False,"(0.1, 0.2]"
32x4,N008009,N008010,same,0.3585086042065009,False,"(0.3, 0.4]"
32x4,N009840,N009841,same,0.3700680272108843,False,"(0.3, 0.4]"
16x8,N010018,N010020,same,0.1987315010570824,False,"(0.1, 0.2]"
16x8,N007876,N008565,different,0.1113412739513205,False,"(0.1, 0.2]"
16x8,N005451,N005452,same,0.2737588652482269,False,"(0.2, 0.3]"
16x8,N008464,N010231,different,0.0694533762057877,False,"(-0.001, 0.1]"
16x8,N000420,N001104,different,0.1614906832298136,False,"(0.1, 0.2]"
16x8,N004781,N005219,different,0.1937984496124031,False,"(0.1, 0.2]"
16x8,N007021,N010547,different,0.2564745196324143,False,"(0.2, 0.3]"
16x8,N004413,N008734,different,0.0787623066104078,False,"(-0.001, 0.1]"
16x8,N007783,N007784,same,0.2463576158940397,False,"(0.2, 0.3]"
16x8,N001104,N001107,same,0.2630385487528344,False,"(0.2, 0.3]"
16x8,N006958,N006959,same,0.4536271808999081,False,"(0.4, 0.5]"
16x8,N003107,N007431,different,0.2796327212020033,False,"(0.2, 0.3]"
16x8,N010497,N011446,different,0.3457573354480571,False,"(0.3, 0.4]"
16x8,N002561,N003545,different,0.0775193798449612,False,"(-0.001, 0.1]"
16x8,N004217,N007965,different,0.3402317880794702,False,"(0.3, 0.4]"
16x8,N006099,N006100,same,0.5925597874224978,False,"(0.5, 0.6]"
16x8,N009010,N009562,different,0.0893617021276595,False,"(-0.001, 0.1]"
16x8,N005332,N005333,same,0.8181818181818182,True,"(0.8, 0.9]"
16x8,N008288,N010448,different,0.2705501618122977,False,"(0.2, 0.3]"
16x8,N002391,N009409,different,0.086021505376344,False,"(-0.001, 0.1]"
16x8,N001001,N007428,different,0.1213292117465224,False,"(0.1, 0.2]"
16x8,N002919,N002920,same,0.9424141749723144,True,"(0.9, 1.0]"
16x8,N007223,N008301,different,0.1638418079096045,False,"(0.1, 0.2]"
16x8,N005352,N007867,different,0.086410635155096,False,"(-0.001, 0.1]"
16x8,N007893,N007894,same,0.852017937219731,True,"(0.8, 0.9]"
16x8,N002670,N007972,different,0.2815186246418338,False,"(0.2, 0.3]"
16x8,N006038,N008642,different,0.0982519590114526,False,"(-0.001, 0.1]"
16x8,N004523,N007453,different,0.1600771456123433,False,"(0.1, 0.2]"
16x8,N006491,N010563,different,0.3231750531537916,False,"(0.3, 0.4]"
16x8,N002902,N010086,different,0.1457725947521866,False,"(0.1, 0.2]"
16x8,N001013,N003939,different,0.1738056013179571,False,"(0.1, 0.2]"
16x8,N002612,N004456,different,0.097020097020097,False,"(-0.001, 0.1]"
16x8,N003308,N005945,different,0.0843621399176954,False,"(-0.001, 0.1]"
16x8,N002811,N007128,different,0.1680161943319838,False,"(0.1, 0.2]"
16x8,N007478,N011108,different,0.1066152858060372,False,"(0.1, 0.2]"
16x8,N001760,N001761,same,0.9550173010380624,True,"(0.9, 1.0]"
16x8,N004944,N009237,different,0.105890603085554,False,"(0.1, 0.2]"
16x8,N008261,N008262,same,0.5982378854625551,False,"(0.5, 0.6]"
16x8,N003630,N009918,different,0.1227272727272727,False,"(0.1, 0.2]"
16x8,N003948,N008608,different,0.0788243152972612,False,"(-0.001, 0.1]"
16x8,N008997,N008998,same,0.473972602739726,False,"(0.4, 0.5]"
16x8,N004789,N005917,different,0.1609281437125748,False,"(0.1, 0.2]"
16x8,N003672,N008071,different,0.4044016506189821,False,"(0.4, 0.5]"
16x8,N009235,N009236,same,0.3705103969754253,False,"(0.3, 0.4]"
16x8,N001817,N002597,different,0.3341213553979511,False,"(0.3, 0.4]"
16x8,N000985,N000986,same,0.1965020576131687,False,"(0.1, 0.2]"
16x8,N000993,N010660,different,0.1422413793103448,False,"(0.1, 0.2]"
16x8,N003269,N010318,different,0.1720351390922401,False,"(0.1, 0.2]"
16x8,N011750,N011966,different,0.1679073614557485,False,"(0.1, 0.2]"
16x8,N010357,N010360,same,0.9702048417132216,True,"(0.9, 1.0]"
16x8,N001163,N001165,same,0.968,True,"(0.9, 1.0]"
16x8,N011255,N011732,different,0.1723534558180227,False,"(0.1, 0.2]"
16x8,N007191,N011803,different,0.0794198895027624,False,"(-0.001, 0.1]"
16x8,N003422,N008330,different,0.0906084656084656,False,"(-0.001, 0.1]"
16x8,N004762,N011915,different,0.3286274509803921,False,"(0.3, 0.4]"
16x8,N006325,N006326,same,0.8105395232120451,True,"(0.8, 0.9]"
16x8,N003658,N003661,same,0.8946459412780656,True,"(0.8, 0.9]"
16x8,N010135,N010136,same,0.9823008849557522,True,"(0.9, 1.0]"
16x8,N003079,N011928,different,0.3535087719298245,False,"(0.3, 0.4]"
16x8,N000268,N009659,different,0.4272151898734177,False,"(0.4, 0.5]"
16x8,N001173,N001174,same,0.564042303172738,False,"(0.5, 0.6]"
16x8,N004065,N007546,different,0.2972718720602069,False,"(0.2, 0.3]"
16x8,N000702,N007932,different,0.0748256182625237,False,"(-0.001, 0.1]"
16x8,N009387,N009517,different,0.1550079491255961,False,"(0.1, 0.2]"
16x8,N000358,N007166,different,0.1524822695035461,False,"(0.1, 0.2]"
16x8,N007841,N011872,different,0.0900621118012422,False,"(-0.001, 0.1]"
16x8,N000576,N000577,same,0.1786055396370582,False,"(0.1, 0.2]"
16x8,N003372,N008041,different,0.1540785498489426,False,"(0.1, 0.2]"
16x8,N006470,N009323,different,0.3245481927710843,False,"(0.3, 0.4]"
16x8,N001685,N001686,same,0.6132848043676069,False,"(0.6, 0.7]"
16x8,N002358,N005690,different,0.1574225122349102,False,"(0.1, 0.2]"
16x8,N002216,N002218,same,0.8135338345864662,True,"(0.8, 0.9]"
16x8,N003837,N007101,different,0.2532281205164993,False,"(0.2, 0.3]"
16x8,N008995,N010419,different,0.1475548060708263,False,"(0.1, 0.2]"
16x8,N001394,N003813,different,0.104594330400782,False,"(0.1, 0.2]"
16x8,N003816,N009648,different,0.3646308113035551,False,"(0.3, 0.4]"
16x8,N000883,N003126,different,0.0866721177432543,False,"(-0.001, 0.1]"
16x8,N010748,N011807,different,0.1994750656167979,False,"(0.1, 0.2]"
16x8,N006050,N007874,different,0.1027278003482298,False,"(0.1, 0.2]"
16x8,N011687,N011688,same,0.9830220713073003,True,"(0.9, 1.0]"
16x8,N000036,N011140,different,0.1267232237539766,False,"(0.1, 0.2]"
16x8,N000051,N000052,same,0.953307392996109,True,"(0.9, 1.0]"
16x8,N001105,N007889,different,0.0680218921032056,False,"(-0.001, 0.1]"
16x8,N004491,N004492,same,0.5182926829268293,True,"(0.5, 0.6]"
16x8,N004978,N009682,different,0.1228222996515679,False,"(0.1, 0.2]"
16x8,N008379,N008380,same,0.864406779661017,True,"(0.8, 0.9]"
16x8,N001189,N011628,different,0.0988745980707395,False,"(-0.001, 0.1]"
16x8,N000183,N001889,different,0.4340425531914894,False,"(0.4, 0.5]"
16x8,N006225,N006227,same,0.210412147505423,False,"(0.2, 0.3]"
16x8,N002447,N007313,different,0.1302857142857142,False,"(0.1, 0.2]"
16x8,N005321,N005322,same,0.9304123711340206,True,"(0.9, 1.0]"
16x8,N004563,N004564,same,0.3852106620808254,False,"(0.3, 0.4]"
16x8,N001497,N001498,same,0.4645799011532125,False,"(0.4, 0.5]"
16x8,N002729,N008105,different,0.1562252180808881,False,"(0.1, 0.2]"
16x8,N000314,N008220,different,0.1233552631578947,False,"(0.1, 0.2]"
16x8,N001902,N009227,different,0.3510758776896942,False,"(0.3, 0.4]"
16x8,N001376,N009439,different,0.2835011618900077,False,"(0.2, 0.3]"
16x8,N003019,N009498,different,0.1111111111111111,False,"(0.1, 0.2]"
16x8,N003883,N004988,different,0.0938851142680667,False,"(-0.001, 0.1]"
16x8,N004822,N007764,different,0.1306501547987616,False,"(0.1, 0.2]"
16x8,N000255,N007615,different,0.2618296529968454,False,"(0.2, 0.3]"
16x8,N005676,N011302,different,0.1440329218106996,False,"(0.1, 0.2]"
16x8,N003403,N007889,different,0.0820143884892086,False,"(-0.001, 0.1]"
16x8,N002476,N005891,different,0.0907894736842105,False,"(-0.001, 0.1]"
16x8,N004988,N009224,different,0.114792899408284,False,"(0.1, 0.2]"
16x8,N001677,N011151,different,0.1003562945368171,False,"(0.1, 0.2]"
16x8,N006731,N006732,same,0.8859060402684564,True,"(0.8, 0.9]"
16x8,N002200,N009548,different,0.0974297668858338,False,"(-0.001, 0.1]"
16x8,N001873,N001874,same,0.8815426997245179,True,"(0.8, 0.9]"
16x8,N006820,N010293,different,0.1648351648351648,False,"(0.1, 0.2]"
16x8,N004096,N007060,different,0.2082683307332293,False,"(0.2, 0.3]"
16x8,N003135,N003543,different,0.1820448877805486,False,"(0.1, 0.2]"
16x8,N006564,N007387,different,0.1912144702842377,False,"(0.1, 0.2]"
16x8,N004906,N008027,different,0.184,False,"(0.1, 0.2]"
16x8,N000145,N007083,different,0.09125,False,"(-0.001, 0.1]"
16x8,N008087,N008088,same,0.3101010101010101,False,"(0.3, 0.4]"
16x8,N007153,N007701,different,0.3163418290854572,False,"(0.3, 0.4]"
16x8,N010825,N010826,same,0.6002143622722401,False,"(0.6, 0.7]"
16x8,N006905,N006906,same,0.9791955617198336,True,"(0.9, 1.0]"
16x8,N001863,N002786,different,0.0989922940130409,False,"(-0.001, 0.1]"
16x8,N001735,N005403,different,0.2863475177304964,False,"(0.2, 0.3]"
16x8,N009982,N009985,same,0.1882519462137296,False,"(0.1, 0.2]"
16x8,N008801,N011616,different,0.1529105125977411,False,"(0.1, 0.2]"
16x8,N003201,N011795,different,0.3049967553536664,False,"(0.3, 0.4]"
16x8,N009040,N010335,different,0.0883002207505518,False,"(-0.001, 0.1]"
16x8,N000276,N000278,same,0.2373923739237392,False,"(0.2, 0.3]"
16x8,N001338,N001340,same,0.9699570815450644,True,"(0.9, 1.0]"
16x8,N011118,N011119,same,0.8378698224852071,True,"(0.8, 0.9]"
16x8,N000768,N000770,same,0.6359039190897599,False,"(0.6, 0.7]"
16x8,N001515,N006807,different,0.1460494812450119,False,"(0.1, 0.2]"
16x8,N009100,N009150,different,0.1350040420371867,False,"(0.1, 0.2]"
16x8,N000437,N010413,different,0.090455396132252,False,"(-0.001, 0.1]"
16x8,N008497,N008498,same,0.5399201596806387,False,"(0.5, 0.6]"
16x8,N007145,N007146,same,0.4770114942528735,False,"(0.4, 0.5]"
16x8,N007053,N010560,different,0.2483271375464684,False,"(0.2, 0.3]"
16x8,N008280,N010910,different,0.1444256756756756,False,"(0.1, 0.2]"
16x8,N001364,N001365,same,0.8190104166666666,True,"(0.8, 0.9]"
16x8,N001075,N009237,different,0.3218503937007874,False,"(0.3, 0.4]"
16x8,N003268,N007976,different,0.3335403726708074,False,"(0.3, 0.4]"
16x8,N004168,N004169,same,0.6512992455993294,True,"(0.6, 0.7]"
16x8,N003317,N011369,different,0.1354581673306772,False,"(0.1, 0.2]"
16x8,N002748,N011595,different,0.2767402376910017,False,"(0.2, 0.3]"
16x8,N000873,N002331,different,0.091692789968652,False,"(-0.001, 0.1]"
16x8,N009379,N009380,same,0.98005698005698,True,"(0.9, 1.0]"
16x8,N007382,N009541,different,0.0972515856236786,False,"(-0.001, 0.1]"
16x8,N006828,N011568,different,0.1071428571428571,False,"(0.1, 0.2]"
16x8,N005210,N009890,different,0.1273764258555133,False,"(0.1, 0.2]"
16x8,N009046,N010077,different,0.2749077490774907,False,"(0.2, 0.3]"
16x8,N000659,N006306,different,0.0910290237467018,False,"(-0.001, 0.1]"
16x8,N005472,N007849,different,0.0971246006389776,False,"(-0.001, 0.1]"
16x8,N007681,N009555,different,0.3104166666666667,False,"(0.3, 0.4]"
16x8,N007201,N010116,different,0.151093439363817,False,"(0.1, 0.2]"
16x8,N002665,N004599,different,0.0975029726516052,False,"(-0.001, 0.1]"
16x8,N007557,N008376,different,0.2811867835468644,False,"(0.2, 0.3]"
16x8,N000189,N001381,different,0.1442953020134228,False,"(0.1, 0.2]"
16x8,N004220,N007941,different,0.2714508580343214,False,"(0.2, 0.3]"
16x8,N002036,N008928,different,0.0682730923694779,False,"(-0.001, 0.1]"
16x8,N003662,N010020,different,0.1947368421052631,False,"(0.1, 0.2]"
16x8,N004066,N006280,different,0.1448007774538386,False,"(0.1, 0.2]"
16x8,N005647,N010086,different,0.1487603305785124,False,"(0.1, 0.2]"
16x8,N002586,N006131,different,0.1583403895004233,False,"(0.1, 0.2]"
16x8,N004043,N004969,different,0.0748299319727891,False,"(-0.001, 0.1]"
16x8,N010853,N010857,same,0.7401574803149606,True,"(0.7, 0.8]"
16x8,N000202,N007774,different,0.1714023831347387,False,"(0.1, 0.2]"
16x8,N002852,N002853,same,0.5619918699186992,False,"(0.5, 0.6]"
16x8,N008049,N010976,different,0.144220572640509,False,"(0.1, 0.2]"
16x8,N010028,N010039,different,0.293282876064333,False,"(0.2, 0.3]"
16x8,N004028,N010035,different,0.1978609625668449,False,"(0.1, 0.2]"
16x8,N001702,N010946,different,0.1118299445471349,False,"(0.1, 0.2]"
16x8,N008791,N008803,different,0.3335901386748844,False,"(0.3, 0.4]"
16x8,N000684,N004640,different,0.1611111111111111,False,"(0.1, 0.2]"
16x8,N011929,N011930,same,0.383739837398374,False,"(0.3, 0.4]"
16x8,N003860,N004075,different,0.2740937223695844,False,"(0.2, 0.3]"
16x8,N003884,N007431,different,0.0917553191489361,False,"(-0.001, 0.1]"
16x8,N002204,N007953,different,0.1237016052880075,False,"(0.1, 0.2]"
16x8,N005664,N005666,same,0.7739273927392739,True,"(0.7, 0.8]"
16x8,N003982,N006359,different,0.3064992614475628,False,"(0.3, 0.4]"
16x8,N002817,N002819,same,0.2419354838709677,False,"(0.2, 0.3]"
16x8,N002626,N002629,same,0.5141921397379913,False,"(0.5, 0.6]"
16x8,N000262,N002156,different,0.290736984448952,False,"(0.2, 0.3]"
16x8,N000131,N003422,different,0.3564173591874423,False,"(0.3, 0.4]"
16x8,N000852,N010531,different,0.090505767524401,False,"(-0.001, 0.1]"
16x8,N003659,N005484,different,0.1022576361221779,False,"(0.1, 0.2]"
16x8,N001115,N009773,different,0.3744569939183318,False,"(0.3, 0.4]"
16x8,N010941,N010942,same,0.8907363420427553,True,"(0.8, 0.9]"
16x8,N008101,N008840,different,0.1264822134387351,False,"(0.1, 0.2]"
16x8,N005983,N009546,different,0.341860465116279,False,"(0.3, 0.4]"
16x8,N001180,N006053,different,0.2686567164179104,False,"(0.2, 0.3]"
16x8,N004248,N005277,different,0.1173020527859237,False,"(0.1, 0.2]"
16x8,N006025,N010086,different,0.1429597701149425,False,"(0.1, 0.2]"
16x8,N002970,N007570,different,0.3452282157676348,False,"(0.3, 0.4]"
16x8,N002439,N007343,different,0.2769911504424778,False,"(0.2, 0.3]"
16x8,N001488,N005914,different,0.149689991142604,False,"(0.1, 0.2]"
16x8,N001624,N006762,different,0.1044957472660996,False,"(0.1, 0.2]"
16x8,N004870,N006313,different,0.1796157059314954,False,"(0.1, 0.2]"
16x8,N011017,N011020,same,0.5273477812177503,False,"(0.5, 0.6]"
16x8,N002389,N002391,same,0.5518962075848304,False,"(0.5, 0.6]"
16x8,N000672,N002056,different,0.0942895086321381,False,"(-0.001, 0.1]"
16x8,N003476,N004605,different,0.1599312123817712,False,"(0.1, 0.2]"
16x8,N008022,N010492,different,0.3256704980842911,False,"(0.3, 0.4]"
16x8,N009775,N009854,different,0.0647590361445783,False,"(-0.001, 0.1]"
16x8,N001443,N010092,different,0.2540381791483113,False,"(0.2, 0.3]"
16x8,N008152,N008153,same,0.8877338877338877,True,"(0.8, 0.9]"
16x8,N004151,N009894,different,0.0922600619195046,False,"(-0.001, 0.1]"
16x8,N009151,N011771,different,0.3623318385650224,False,"(0.3, 0.4]"
16x8,N004672,N008166,different,0.3858392999204455,False,"(0.3, 0.4]"
16x8,N005081,N007027,different,0.1417740712661107,False,"(0.1, 0.2]"
16x8,N002173,N008545,different,0.1504965622612681,False,"(0.1, 0.2]"
16x8,N003781,N003783,same,0.8772169167803547,True,"(0.8, 0.9]"
16x8,N002084,N007552,different,0.1469298245614035,False,"(0.1, 0.2]"
16x8,N004001,N004002,same,0.435759209344115,False,"(0.4, 0.5]"
16x8,N009163,N009439,different,0.1352405721716515,False,"(0.1, 0.2]"
16x8,N002426,N003338,different,0.0959501557632398,False,"(-0.001, 0.1]"
16x8,N006423,N006425,same,0.9245508982035928,True,"(0.9, 1.0]"
16x8,N007876,N009829,different,0.3517096999302163,False,"(0.3, 0.4]"
16x8,N007687,N009311,different,0.3002274450341167,False,"(0.3, 0.4]"
16x8,N001746,N002955,different,0.0722702278083267,False,"(-0.001, 0.1]"
16x8,N008284,N008285,same,0.5817051509769094,True,"(0.5, 0.6]"
16x8,N001309,N011869,different,0.0875850340136054,False,"(-0.001, 0.1]"
16x8,N002589,N004081,different,0.094074074074074,False,"(-0.001, 0.1]"
16x8,N005300,N006349,different,0.3592760180995475,False,"(0.3, 0.4]"
16x8,N009455,N009456,same,0.5199556541019955,False,"(0.5, 0.6]"
16x8,N004081,N010560,different,0.1065340909090909,False,"(0.1, 0.2]"
16x8,N004306,N004307,same,0.9759519038076152,True,"(0.9, 1.0]"
16x8,N000884,N011090,different,0.2736549165120593,False,"(0.2, 0.3]"
16x8,N000010,N003634,different,0.0913520097442143,False,"(-0.001, 0.1]"
16x8,N002225,N011649,different,0.1497373029772329,False,"(0.1, 0.2]"
16x8,N001484,N003224,different,0.0819793205317577,False,"(-0.001, 0.1]"
16x8,N008411,N008412,same,0.3327338129496403,False,"(0.3, 0.4]"
16x8,N006804,N010502,different,0.116991643454039,False,"(0.1, 0.2]"
16x8,N009437,N010826,different,0.2679275019700551,False,"(0.2, 0.3]"
16x8,N000335,N007009,different,0.2506887052341597,False,"(0.2, 0.3]"
16x8,N002857,N005654,different,0.2818853974121996,False,"(0.2, 0.3]"
16x8,N000078,N007325,different,0.2183288409703504,False,"(0.2, 0.3]"
16x8,N000864,N005773,different,0.1325600662800331,False,"(0.1, 0.2]"
16x8,N007718,N008135,different,0.2505462490895848,False,"(0.2, 0.3]"
16x8,N006976,N010778,different,0.2959317585301837,False,"(0.2, 0.3]"
16x8,N002774,N011414,different,0.1521335807050092,False,"(0.1, 0.2]"
16x8,N004762,N010111,different,0.3640167364016736,False,"(0.3, 0.4]"
16x8,N003908,N003909,same,0.2212230215827338,False,"(0.2, 0.3]"
16x8,N000664,N000666,same,0.3923337091319053,False,"(0.3, 0.4]"
16x8,N004323,N009954,different,0.1318681318681318,False,"(0.1, 0.2]"
16x8,N010390,N011580,different,0.0972495088408644,False,"(-0.001, 0.1]"
16x8,N004880,N004881,same,0.8894289185905225,True,"(0.8, 0.9]"
16x8,N000818,N006620,different,0.1074870274277242,False,"(0.1, 0.2]"
16x8,N001043,N002862,different,0.162536443148688,False,"(0.1, 0.2]"
16x8,N000640,N011658,different,0.1055099648300117,False,"(0.1, 0.2]"
16x8,N008018,N008676,different,0.0754414125200642,False,"(-0.001, 0.1]"
16x8,N002685,N002686,same,0.4655462184873949,False,"(0.4, 0.5]"
16x8,N000449,N010133,different,0.14540059347181,False,"(0.1, 0.2]"
16x8,N004683,N007002,different,0.0996332518337408,False,"(-0.001, 0.1]"
16x8,N010844,N011602,different,0.1452513966480447,False,"(0.1, 0.2]"
16x8,N002440,N002443,same,0.2863568215892054,False,"(0.2, 0.3]"
16x8,N001357,N003372,different,0.1467473524962178,False,"(0.1, 0.2]"
16x8,N010856,N010857,same,0.6289640591966174,False,"(0.6, 0.7]"
16x8,N005262,N005263,same,0.2835365853658536,False,"(0.2, 0.3]"
16x8,N000070,N004969,different,0.3337571519389701,False,"(0.3, 0.4]"
16x8,N003615,N009126,different,0.3233190271816881,False,"(0.3, 0.4]"
16x8,N003236,N006862,different,0.0861001688238604,False,"(-0.001, 0.1]"
16x8,N001257,N005818,different,0.0948110185778347,False,"(-0.001, 0.1]"
16x8,N001027,N005073,different,0.1403038427167113,False,"(0.1, 0.2]"
16x8,N002169,N011831,different,0.147656940760389,False,"(0.1, 0.2]"
16x8,N002691,N005271,different,0.0987738419618528,False,"(-0.001, 0.1]"
16x8,N005141,N007639,different,0.1379310344827586,False,"(0.1, 0.2]"
16x8,N000675,N005669,different,0.283571915473756,False,"(0.2, 0.3]"
16x8,N005337,N011060,different,0.0707743547044129,False,"(-0.001, 0.1]"
16x8,N001699,N004758,different,0.0945541591861161,False,"(-0.001, 0.1]"
16x8,N007012,N009759,different,0.0990667623833453,False,"(-0.001, 0.1]"
16x8,N004855,N004856,same,0.5973568281938326,False,"(0.5, 0.6]"
16x8,N010491,N010492,same,0.6466666666666666,False,"(0.6, 0.7]"
16x8,N003270,N006319,different,0.0843293492695883,False,"(-0.001, 0.1]"
16x8,N003144,N011859,different,0.31328125,False,"(0.3, 0.4]"
16x8,N000889,N000890,same,0.5994897959183674,False,"(0.5, 0.6]"
16x8,N001432,N001435,same,0.648320895522388,False,"(0.6, 0.7]"
16x8,N008926,N010073,different,0.0964705882352941,False,"(-0.001, 0.1]"
16x8,N006903,N010093,different,0.1134580567290283,False,"(0.1, 0.2]"
16x8,N000486,N000487,same,0.9681647940074908,True,"(0.9, 1.0]"
16x8,N006198,N007366,different,0.0944055944055944,False,"(-0.001, 0.1]"
16x8,N004084,N004085,same,0.6447368421052632,False,"(0.6, 0.7]"
16x8,N007902,N007976,different,0.3400503778337531,False,"(0.3, 0.4]"
16x8,N002019,N002021,same,0.4759229534510433,False,"(0.4, 0.5]"
16x8,N008725,N008728,same,0.6208333333333333,False,"(0.6, 0.7]"
16x8,N001957,N001958,same,0.9729299363057324,True,"(0.9, 1.0]"
16x8,N005497,N008336,different,0.0771331058020477,False,"(-0.001, 0.1]"
16x8,N009301,N009302,same,0.9567901234567902,True,"(0.9, 1.0]"
16x8,N008499,N008952,different,0.184458398744113,False,"(0.1, 0.2]"
16x8,N002300,N003674,different,0.1021711366538952,False,"(0.1, 0.2]"
16x8,N009680,N011001,different,0.0691823899371069,False,"(-0.001, 0.1]"
16x8,N005556,N006568,different,0.0852490421455938,False,"(-0.001, 0.1]"
16x8,N003574,N007121,different,0.1371391076115485,False,"(0.1, 0.2]"
16x8,N004353,N004355,same,0.5606060606060606,False,"(0.5, 0.6]"
16x8,N004438,N004442,same,0.7453505007153076,True,"(0.7, 0.8]"
16x8,N004678,N004680,same,0.845372460496614,True,"(0.8, 0.9]"
16x8,N000056,N009414,different,0.0707417582417582,False,"(-0.001, 0.1]"
16x8,N005365,N009764,different,0.1579335793357933,False,"(0.1, 0.2]"
16x8,N002248,N003503,different,0.1531823085221143,False,"(0.1, 0.2]"
16x8,N010508,N010509,same,0.2839506172839506,False,"(0.2, 0.3]"
16x8,N001817,N007306,different,0.0861850443599493,False,"(-0.001, 0.1]"
16x8,N003274,N007023,different,0.272984441301273,False,"(0.2, 0.3]"
16x8,N005079,N005080,same,0.3261977573904179,False,"(0.3, 0.4]"
16x8,N000591,N011538,different,0.0934579439252336,False,"(-0.001, 0.1]"
16x8,N009925,N010387,different,0.1040627227369921,False,"(0.1, 0.2]"
16x8,N001053,N002186,different,0.1634328358208955,False,"(0.1, 0.2]"
16x8,N008562,N009324,different,0.2786421499292786,False,"(0.2, 0.3]"
16x8,N000250,N003051,different,0.0934933670246367,False,"(-0.001, 0.1]"
16x8,N001525,N001678,different,0.2859237536656892,False,"(0.2, 0.3]"
16x8,N008599,N008602,same,0.4840132304299889,False,"(0.4, 0.5]"
16x8,N003942,N010918,different,0.1376306620209059,False,"(0.1, 0.2]"
16x8,N002513,N007637,different,0.3067649028801071,False,"(0.3, 0.4]"
16x8,N009703,N009705,same,0.4839901477832512,False,"(0.4, 0.5]"
16x8,N004315,N009584,different,0.286231884057971,False,"(0.2, 0.3]"
16x8,N010620,N010621,same,0.9308578745198464,True,"(0.9, 1.0]"
16x8,N008248,N008249,same,0.3384064458370636,False,"(0.3, 0.4]"
16x8,N005222,N005225,same,0.3567961165048544,False,"(0.3, 0.4]"
16x8,N002502,N002505,same,0.9257362355953904,True,"(0.9, 1.0]"
16x8,N006200,N006201,same,0.3536155202821869,False,"(0.3, 0.4]"
16x8,N000217,N002582,different,0.1173498034811903,False,"(0.1, 0.2]"
16x8,N001207,N004094,different,0.2112299465240641,False,"(0.2, 0.3]"
16x8,N005453,N010471,different,0.146613545816733,False,"(0.1, 0.2]"
16x8,N001063,N005024,different,0.1646248085758039,False,"(0.1, 0.2]"
16x8,N000697,N005493,different,0.0663068619892058,False,"(-0.001, 0.1]"
16x8,N003555,N009272,different,0.0793051359516616,False,"(-0.001, 0.1]"
16x8,N005393,N007391,different,0.1392190152801358,False,"(0.1, 0.2]"
16x8,N006121,N009928,different,0.2727272727272727,False,"(0.2, 0.3]"
16x8,N004229,N006064,different,0.0764525993883792,False,"(-0.001, 0.1]"
16x8,N003265,N010005,different,0.2411924119241192,False,"(0.2, 0.3]"
16x8,N007303,N007376,different,0.0827790096082779,False,"(-0.001, 0.1]"
16x8,N005512,N007327,different,0.1870967741935484,False,"(0.1, 0.2]"
16x8,N009065,N011122,different,0.0844947735191637,False,"(-0.001, 0.1]"
16x8,N001376,N001377,same,0.3666369313113292,False,"(0.3, 0.4]"
16x8,N000357,N000359,same,0.6477857878475798,False,"(0.6, 0.7]"
16x8,N008677,N011938,different,0.1724444444444444,False,"(0.1, 0.2]"
16x8,N002197,N002198,same,0.4483159117305458,False,"(0.4, 0.5]"
16x8,N001905,N005873,different,0.3272583201267829,False,"(0.3, 0.4]"
16x8,N007497,N007499,same,0.6117216117216118,False,"(0.6, 0.7]"
16x8,N007334,N007335,same,0.920844327176781,True,"(0.9, 1.0]"
16x8,N002570,N005618,different,0.0920970752955818,False,"(-0.001, 0.1]"
16x8,N001074,N002707,different,0.0903030303030303,False,"(-0.001, 0.1]"
16x8,N003691,N004544,different,0.075098814229249,False,"(-0.001, 0.1]"
16x8,N003415,N008452,different,0.3090252707581227,False,"(0.3, 0.4]"
16x8,N011716,N011717,same,0.9684466019417476,True,"(0.9, 1.0]"
16x8,N001083,N011985,different,0.1822810590631364,False,"(0.1, 0.2]"
16x8,N011499,N011500,same,0.9854166666666668,True,"(0.9, 1.0]"
16x8,N004212,N009766,different,0.2657657657657657,False,"(0.2, 0.3]"
16x8,N002974,N006457,different,0.118141097424412,False,"(0.1, 0.2]"
16x8,N003854,N003855,same,0.601272534464475,False,"(0.6, 0.7]"
16x8,N005378,N005379,same,0.9411111111111112,True,"(0.9, 1.0]"
16x8,N011829,N011830,same,0.9524886877828054,True,"(0.9, 1.0]"
16x8,N005326,N006145,different,0.1395147313691507,False,"(0.1, 0.2]"
16x8,N006145,N006146,same,0.5334796926454446,False,"(0.5, 0.6]"
16x8,N002008,N003498,different,0.1640350877192982,False,"(0.1, 0.2]"
16x8,N010513,N010514,same,0.9177958446251128,True,"(0.9, 1.0]"
16x8,N000443,N006009,different,0.0799050632911392,False,"(-0.001, 0.1]"
16x8,N000043,N000050,same,0.9653937947494032,True,"(0.9, 1.0]"
16x8,N008967,N008968,same,0.2325581395348837,False,"(0.2, 0.3]"
16x8,N002801,N002802,same,0.5607043558850788,False,"(0.5, 0.6]"
16x8,N000119,N009303,different,0.0678353658536585,False,"(-0.001, 0.1]"
16x8,N002058,N002059,same,0.9442190669371197,True,"(0.9, 1.0]"
16x8,N001325,N009136,different,0.127420998980632,False,"(0.1, 0.2]"
16x8,N003642,N009092,different,0.1447236180904522,False,"(0.1, 0.2]"
16x8,N004298,N004299,same,0.9509116409537168,True,"(0.9, 1.0]"
16x8,N007729,N007732,same,0.9693053311793216,True,"(0.9, 1.0]"
16x8,N007652,N008774,different,0.3756805807622504,False,"(0.3, 0.4]"
16x8,N000834,N001578,different,0.0902989627821842,False,"(-0.001, 0.1]"
16x8,N002673,N009844,different,0.2776845637583892,False,"(0.2, 0.3]"
16x8,N003008,N009152,different,0.1383701188455008,False,"(0.1, 0.2]"
16x8,N001326,N001328,same,0.5508021390374331,False,"(0.5, 0.6]"
16x8,N009445,N009562,different,0.4446640316205533,False,"(0.4, 0.5]"
16x8,N005985,N009162,different,0.1014030612244897,False,"(0.1, 0.2]"
16x8,N004071,N004072,same,0.9052631578947368,True,"(0.9, 1.0]"
16x8,N000384,N002019,different,0.0843853820598006,False,"(-0.001, 0.1]"
16x8,N003494,N003495,same,0.1817325800376648,False,"(0.1, 0.2]"
16x8,N005806,N011786,different,0.1144981412639405,False,"(0.1, 0.2]"
16x8,N011420,N011984,different,0.3168812589413448,False,"(0.3, 0.4]"
16x8,N006646,N009384,different,0.0785773366418527,False,"(-0.001, 0.1]"
16x8,N002639,N002640,same,0.8840399002493765,True,"(0.8, 0.9]"
16x8,N006541,N009386,different,0.2901701323251417,False,"(0.2, 0.3]"
16x8,N006760,N008055,different,0.3215712383488682,False,"(0.3, 0.4]"
16x8,N001785,N004629,different,0.2834267413931144,False,"(0.2, 0.3]"
16x8,N000741,N000745,same,0.8818713450292398,True,"(0.8, 0.9]"
16x8,N008186,N009304,different,0.0994542146755609,False,"(-0.001, 0.1]"
16x8,N001323,N006364,different,0.1947368421052631,False,"(0.1, 0.2]"
16x8,N003863,N010008,different,0.1056578050443081,False,"(0.1, 0.2]"
16x8,N000058,N000184,different,0.3255451713395638,False,"(0.3, 0.4]"
16x8,N000412,N004657,different,0.1066176470588235,False,"(0.1, 0.2]"
16x8,N000926,N003644,different,0.3418290854572713,False,"(0.3, 0.4]"
16x8,N004369,N008199,different,0.1718027734976887,False,"(0.1, 0.2]"
16x8,N003450,N006996,different,0.1279439847231063,False,"(0.1, 0.2]"
16x8,N004410,N006730,different,0.0824808184143222,False,"(-0.001, 0.1]"
16x8,N006041,N011988,different,0.0927835051546391,False,"(-0.001, 0.1]"
16x8,N004913,N010317,different,0.1699101796407185,False,"(0.1, 0.2]"
16x8,N007995,N007997,same,0.541371158392435,False,"(0.5, 0.6]"
16x8,N001334,N006274,different,0.1018329938900203,False,"(0.1, 0.2]"
16x8,N004939,N011284,different,0.0746478873239436,False,"(-0.001, 0.1]"
16x8,N005634,N006584,different,0.1384335154826958,False,"(0.1, 0.2]"
16x8,N003301,N003302,same,0.5773508594539939,False,"(0.5, 0.6]"
16x8,N002267,N010375,different,0.153933865450399,False,"(0.1, 0.2]"
16x8,N003158,N007300,different,0.1354632587859424,False,"(0.1, 0.2]"
16x8,N002085,N007988,different,0.1443089430894309,False,"(0.1, 0.2]"
16x8,N001118,N001120,same,0.8758029978586723,True,"(0.8, 0.9]"
16x8,N000030,N006079,different,0.1613832853025936,False,"(0.1, 0.2]"
16x8,N005137,N009628,different,0.1541425818882466,False,"(0.1, 0.2]"
16x8,N004055,N008225,different,0.0862944162436548,False,"(-0.001, 0.1]"
16x8,N001879,N004065,different,0.1063569682151589,False,"(0.1, 0.2]"
16x8,N000486,N011101,different,0.1692307692307692,False,"(0.1, 0.2]"
16x8,N007430,N010330,different,0.3251231527093596,False,"(0.3, 0.4]"
16x8,N006041,N009700,different,0.3222698072805139,False,"(0.3, 0.4]"
16x8,N000297,N003849,different,0.0932260228034875,False,"(-0.001, 0.1]"
16x8,N003611,N007188,different,0.1410138248847926,False,"(0.1, 0.2]"
16x8,N009978,N009979,same,0.4236675700090334,False,"(0.4, 0.5]"
16x8,N001022,N001023,same,0.6022514071294559,False,"(0.6, 0.7]"
16x8,N001629,N005005,different,0.1293051359516616,False,"(0.1, 0.2]"
16x8,N002923,N007247,different,0.0982658959537572,False,"(-0.001, 0.1]"
16x8,N003164,N009587,different,0.1013147718484145,False,"(0.1, 0.2]"
16x8,N006832,N010598,different,0.1131428571428571,False,"(0.1, 0.2]"
16x8,N006511,N006512,same,0.6179673321234119,False,"(0.6, 0.7]"
16x8,N002304,N009060,different,0.086021505376344,False,"(-0.001, 0.1]"
16x8,N002106,N006701,different,0.1584077985377741,False,"(0.1, 0.2]"
16x8,N006856,N006857,same,0.5646651270207852,True,"(0.5, 0.6]"
16x8,N003821,N009085,different,0.3829383886255924,False,"(0.3, 0.4]"
16x8,N004522,N009816,different,0.4218905472636816,False,"(0.4, 0.5]"
16x8,N008514,N008515,same,0.4149043303121853,False,"(0.4, 0.5]"
16x8,N008382,N009718,different,0.078207381370826,False,"(-0.001, 0.1]"
16x8,N005805,N011332,different,0.3608617594254937,False,"(0.3, 0.4]"
16x8,N004216,N004699,different,0.1518867924528301,False,"(0.1, 0.2]"
16x8,N001432,N008873,different,0.2694158075601374,False,"(0.2, 0.3]"
16x8,N002149,N003382,different,0.0749128919860627,False,"(-0.001, 0.1]"
16x8,N004731,N009345,different,0.297808764940239,False,"(0.2, 0.3]"
16x8,N002163,N002307,different,0.2573266619013581,False,"(0.2, 0.3]"
16x8,N002952,N008752,different,0.1619850187265917,False,"(0.1, 0.2]"
16x8,N000745,N005843,different,0.1470588235294117,False,"(0.1, 0.2]"
16x8,N005260,N011019,different,0.0688073394495412,False,"(-0.001, 0.1]"
16x8,N002299,N009882,different,0.0745967741935483,False,"(-0.001, 0.1]"
16x8,N002171,N005867,different,0.1353996737357259,False,"(0.1, 0.2]"
16x8,N005334,N007457,different,0.146218487394958,False,"(0.1, 0.2]"
16x8,N005304,N005305,same,0.8472686733556298,True,"(0.8, 0.9]"
16x8,N005134,N005135,same,0.58469475494411,True,"(0.5, 0.6]"
16x8,N000982,N005390,different,0.1702702702702702,False,"(0.1, 0.2]"
16x8,N002992,N009046,different,0.2917933130699088,False,"(0.2, 0.3]"
16x8,N000628,N000633,same,0.3013856812933025,False,"(0.3, 0.4]"
16x8,N000573,N006170,different,0.0914777169663799,False,"(-0.001, 0.1]"
16x8,N010406,N010408,same,0.865979381443299,True,"(0.8, 0.9]"
16x8,N002446,N002447,same,0.5911799761620977,False,"(0.5, 0.6]"
16x8,N000735,N001335,different,0.3309061488673139,False,"(0.3, 0.4]"
16x8,N008238,N011480,different,0.2698548249359522,False,"(0.2, 0.3]"
16x8,N000321,N000443,different,0.0769903762029746,False,"(-0.001, 0.1]"
16x8,N007541,N007546,same,0.2680890538033395,False,"(0.2, 0.3]"
16x8,N002683,N007848,different,0.0800299177262528,False,"(-0.001, 0.1]"
16x8,N009983,N009985,same,0.2240943555181128,False,"(0.2, 0.3]"
16x8,N007568,N007570,same,0.4042328042328042,False,"(0.4, 0.5]"
16x8,N005448,N005962,different,0.1550855991943605,False,"(0.1, 0.2]"
16x8,N004767,N004768,same,0.8966165413533834,True,"(0.8, 0.9]"
16x8,N007023,N007916,different,0.264367816091954,False,"(0.2, 0.3]"
16x8,N000315,N000316,same,0.5152792413066386,False,"(0.5, 0.6]"
16x8,N001578,N002947,different,0.0990783410138248,False,"(-0.001, 0.1]"
16x8,N009857,N010711,different,0.1628113879003558,False,"(0.1, 0.2]"
16x8,N002290,N003634,different,0.3151476251604621,False,"(0.3, 0.4]"
16x8,N011438,N011440,same,0.6128668171557562,False,"(0.6, 0.7]"
16x8,N010035,N011646,different,0.2261580381471389,False,"(0.2, 0.3]"
16x8,N001295,N001296,same,0.6030444964871194,False,"(0.6, 0.7]"
16x8,N005825,N010265,different,0.1471861471861472,False,"(0.1, 0.2]"
16x8,N002351,N005508,different,0.2903663500678426,False,"(0.2, 0.3]"
16x8,N011075,N011077,same,0.938132733408324,True,"(0.9, 1.0]"
16x8,N011335,N011336,same,0.3637236084452975,False,"(0.3, 0.4]"
16x8,N000514,N011152,different,0.2706422018348624,False,"(0.2, 0.3]"
16x8,N010762,N010766,same,0.9164648910411622,True,"(0.9, 1.0]"
16x8,N001314,N003288,different,0.3101514301738642,False,"(0.3, 0.4]"
16x8,N001403,N001405,same,0.192573402417962,False,"(0.1, 0.2]"
16x8,N010389,N010391,same,0.8149556400506971,True,"(0.8, 0.9]"
16x8,N001258,N001261,same,0.8403263403263403,True,"(0.8, 0.9]"
16x8,N003574,N011053,different,0.2737611697806661,False,"(0.2, 0.3]"
16x8,N001484,N005371,different,0.2489051094890511,False,"(0.2, 0.3]"
16x8,N005426,N005427,same,0.9184027777777778,True,"(0.9, 1.0]"
16x8,N008443,N010211,different,0.1024165707710011,False,"(0.1, 0.2]"
16x8,N005517,N011613,different,0.0772532188841201,False,"(-0.001, 0.1]"
16x8,N005828,N010514,different,0.0763660302830809,False,"(-0.001, 0.1]"
16x8,N011154,N011156,same,0.6429170159262364,False,"(0.6, 0.7]"
16x8,N002595,N003310,different,0.1440501043841336,False,"(0.1, 0.2]"
16x8,N008630,N011336,different,0.3806509945750452,False,"(0.3, 0.4]"
16x8,N004951,N008794,different,0.2469135802469135,False,"(0.2, 0.3]"
16x8,N000391,N004186,different,0.2969215491559086,False,"(0.2, 0.3]"
16x8,N000166,N008677,different,0.1575282854656222,False,"(0.1, 0.2]"
16x8,N009154,N011317,different,0.1643598615916955,False,"(0.1, 0.2]"
16x8,N002589,N009612,different,0.2868068833652007,False,"(0.2, 0.3]"
16x8,N008268,N009916,different,0.2641509433962264,False,"(0.2, 0.3]"
16x8,N002316,N002317,same,0.4533648170011806,False,"(0.4, 0.5]"
16x8,N006596,N011033,different,0.0980113636363636,False,"(-0.001, 0.1]"
16x8,N010106,N010107,same,0.3946053946053946,False,"(0.3, 0.4]"
16x8,N008409,N008410,same,0.9393939393939394,True,"(0.9, 1.0]"
16x8,N001937,N007430,different,0.3319570602807597,False,"(0.3, 0.4]"
16x8,N000078,N006886,different,0.201058201058201,False,"(0.2, 0.3]"
16x8,N010999,N011001,same,0.291932059447983,False,"(0.2, 0.3]"
16x8,N001357,N010788,different,0.1478599221789883,False,"(0.1, 0.2]"
16x8,N000906,N011149,different,0.178021978021978,False,"(0.1, 0.2]"
16x8,N003435,N009318,different,0.1772053083528493,False,"(0.1, 0.2]"
16x8,N002916,N004445,different,0.1953125,False,"(0.1, 0.2]"
16x8,N003770,N011367,different,0.1791907514450867,False,"(0.1, 0.2]"
16x8,N010980,N010981,same,0.6417157275021026,False,"(0.6, 0.7]"
16x8,N005040,N005041,same,0.8434504792332268,True,"(0.8, 0.9]"
16x8,N008937,N008938,same,0.2071197411003236,False,"(0.2, 0.3]"
16x8,N002071,N006588,different,0.1064327485380117,False,"(0.1, 0.2]"
16x8,N010261,N011914,different,0.3001336898395721,False,"(0.3, 0.4]"
16x8,N000670,N000671,same,0.8675914249684742,True,"(0.8, 0.9]"
16x8,N000489,N007029,different,0.2322404371584699,False,"(0.2, 0.3]"
16x8,N007633,N010942,different,0.1265923566878981,False,"(0.1, 0.2]"
16x8,N005243,N006569,different,0.0957015409570154,False,"(-0.001, 0.1]"
16x8,N001083,N001567,different,0.1455576559546313,False,"(0.1, 0.2]"
16x8,N000282,N006591,different,0.1393786733837111,False,"(0.1, 0.2]"
16x8,N003362,N003364,same,0.9809825673534072,True,"(0.9, 1.0]"
16x8,N005927,N008816,different,0.351423487544484,False,"(0.3, 0.4]"
16x8,N001289,N001291,same,0.2361769352290679,False,"(0.2, 0.3]"
16x8,N005231,N005232,same,0.8878504672897196,True,"(0.8, 0.9]"
16x8,N003835,N003837,same,0.6961471103327496,True,"(0.6, 0.7]"
16x8,N004167,N005115,different,0.3166815343443354,False,"(0.3, 0.4]"
16x8,N002040,N003281,different,0.1557507987220447,False,"(0.1, 0.2]"
16x8,N002605,N010853,different,0.3170234454638124,False,"(0.3, 0.4]"
16x8,N011139,N011793,different,0.0953488372093023,False,"(-0.001, 0.1]"
16x8,N001458,N002506,different,0.1344860710854947,False,"(0.1, 0.2]"
16x8,N007148,N011853,different,0.3504482477587612,False,"(0.3, 0.4]"
16x8,N001791,N008583,different,0.2777300085984522,False,"(0.2, 0.3]"
16x8,N008993,N008995,same,0.8443804034582133,True,"(0.8, 0.9]"
16x8,N004043,N004218,different,0.2573839662447257,False,"(0.2, 0.3]"
16x8,N011601,N011603,same,0.8507462686567164,True,"(0.8, 0.9]"
16x8,N002945,N010292,different,0.1202860858257477,False,"(0.1, 0.2]"
16x8,N006385,N011130,different,0.2685765443151298,False,"(0.2, 0.3]"
16x8,N006764,N009477,different,0.2910521140609636,False,"(0.2, 0.3]"
16x8,N004409,N011892,different,0.1442369607211848,False,"(0.1, 0.2]"
16x8,N000023,N002700,different,0.2498054474708171,False,"(0.2, 0.3]"
16x8,N001669,N003264,different,0.1483126110124334,False,"(0.1, 0.2]"
16x8,N002831,N008460,different,0.0958429561200923,False,"(-0.001, 0.1]"
16x8,N004184,N005163,different,0.0921985815602836,False,"(-0.001, 0.1]"
16x8,N009665,N011482,different,0.0640050697084917,False,"(-0.001, 0.1]"
16x8,N000340,N009553,different,0.0751488095238095,False,"(-0.001, 0.1]"
16x8,N002043,N008828,different,0.1391880695940348,False,"(0.1, 0.2]"
16x8,N003466,N003469,same,0.5807086614173228,False,"(0.5, 0.6]"
16x8,N005064,N005067,same,0.6571691176470589,False,"(0.6, 0.7]"
16x8,N000030,N007467,different,0.1510204081632653,False,"(0.1, 0.2]"
16x8,N011900,N011901,same,0.530239099859353,False,"(0.5, 0.6]"
16x8,N006901,N008943,different,0.1622992392223161,False,"(0.1, 0.2]"
16x8,N003415,N005750,different,0.0863531225905936,False,"(-0.001, 0.1]"
16x8,N005350,N005352,same,0.3311688311688311,False,"(0.3, 0.4]"
16x8,N007614,N008823,different,0.0955710955710955,False,"(-0.001, 0.1]"
16x8,N004333,N008255,different,0.1396895787139689,False,"(0.1, 0.2]"
16x8,N009495,N009521,different,0.0991735537190082,False,"(-0.001, 0.1]"
16x8,N006462,N006463,same,0.9388264669163544,True,"(0.9, 1.0]"
16x8,N001629,N008262,different,0.1915584415584415,False,"(0.1, 0.2]"
16x8,N002516,N010795,different,0.1689933872152828,False,"(0.1, 0.2]"
16x8,N006622,N006623,same,0.7379912663755459,True,"(0.7, 0.8]"
16x8,N010081,N010082,same,0.6568386568386568,True,"(0.6, 0.7]"
16x8,N007560,N007561,same,0.5814634146341463,False,"(0.5, 0.6]"
16x8,N005941,N006998,different,0.3558875219683655,False,"(0.3, 0.4]"
16x8,N004062,N004438,different,0.1415384615384615,False,"(0.1, 0.2]"
16x8,N000990,N002973,different,0.084899546338302,False,"(-0.001, 0.1]"
16x8,N008321,N008641,different,0.2898172323759791,False,"(0.2, 0.3]"
16x8,N008561,N008562,same,0.6104910714285714,True,"(0.6, 0.7]"
16x8,N001360,N001361,same,0.9364791288566244,True,"(0.9, 1.0]"
16x8,N008993,N008994,same,0.9569230769230768,True,"(0.9, 1.0]"
16x8,N005108,N005109,same,0.6783018867924528,True,"(0.6, 0.7]"
16x8,N001983,N001984,same,0.5324189526184538,False,"(0.5, 0.6]"
16x8,N006038,N009049,different,0.0978613091380427,False,"(-0.001, 0.1]"
16x8,N001413,N007076,different,0.1462383770076077,False,"(0.1, 0.2]"
16x8,N005772,N005776,same,0.28125,False,"(0.2, 0.3]"
16x8,N000237,N009075,different,0.289278489548213,False,"(0.2, 0.3]"
16x8,N011043,N011048,same,0.2190812720848056,False,"(0.2, 0.3]"
16x8,N004742,N006981,different,0.1411764705882353,False,"(0.1, 0.2]"
16x8,N004801,N004802,same,0.5285565939771547,True,"(0.5, 0.6]"
16x8,N003994,N003995,same,0.1904427266338721,False,"(0.1, 0.2]"
16x8,N000643,N009675,different,0.3375104427736006,False,"(0.3, 0.4]"
16x8,N006086,N006087,same,0.8858131487889274,True,"(0.8, 0.9]"
16x8,N000266,N010102,different,0.1803444782168186,False,"(0.1, 0.2]"
16x8,N005028,N009701,different,0.1790055248618784,False,"(0.1, 0.2]"
16x8,N009670,N009671,same,0.8648068669527897,True,"(0.8, 0.9]"
16x8,N001005,N001804,different,0.3295910184442662,False,"(0.3, 0.4]"
16x8,N005314,N010609,different,0.3155248271527341,False,"(0.3, 0.4]"
16x8,N000417,N000419,same,0.8974630021141649,True,"(0.8, 0.9]"
16x8,N011041,N011048,same,0.2029702970297029,False,"(0.2, 0.3]"
16x8,N000992,N001435,different,0.1458333333333333,False,"(0.1, 0.2]"
16x8,N004107,N008166,different,0.0949968334388853,False,"(-0.001, 0.1]"
16x8,N002590,N002591,same,0.9096638655462184,True,"(0.9, 1.0]"
16x8,N005119,N005121,same,0.6189989785495403,False,"(0.6, 0.7]"
16x8,N002826,N007185,different,0.0813782991202346,False,"(-0.001, 0.1]"
16x8,N009349,N009350,same,0.8160112359550562,True,"(0.8, 0.9]"
16x8,N003121,N005007,different,0.0815394651011089,False,"(-0.001, 0.1]"
16x8,N002947,N003566,different,0.0623249299719887,False,"(-0.001, 0.1]"
16x8,N000485,N000488,same,0.7495987158908507,True,"(0.7, 0.8]"
16x8,N004349,N011691,different,0.3185454545454545,False,"(0.3, 0.4]"
16x8,N011281,N011282,same,0.6614785992217899,True,"(0.6, 0.7]"
16x8,N003865,N009372,different,0.1059907834101382,False,"(0.1, 0.2]"
16x8,N001198,N010109,different,0.2690553745928338,False,"(0.2, 0.3]"
16x8,N011975,N011976,same,0.5850178359096314,False,"(0.5, 0.6]"
16x8,N006419,N007183,different,0.0772818121252498,False,"(-0.001, 0.1]"
16x8,N010407,N010605,different,0.1515151515151515,False,"(0.1, 0.2]"
16x8,N009079,N010570,different,0.3605042016806722,False,"(0.3, 0.4]"
16x8,N001415,N006560,different,0.2685258964143426,False,"(0.2, 0.3]"
16x8,N001653,N001654,same,0.5543735224586288,False,"(0.5, 0.6]"
16x8,N003355,N003823,different,0.0769230769230769,False,"(-0.001, 0.1]"
16x8,N000355,N005276,different,0.26412092283214,False,"(0.2, 0.3]"
16x8,N007573,N007574,same,0.3570110701107011,False,"(0.3, 0.4]"
16x8,N007999,N008002,same,0.9117199391171994,True,"(0.9, 1.0]"
16x8,N007057,N010814,different,0.0668073136427566,False,"(-0.001, 0.1]"
16x8,N000264,N009708,different,0.2144772117962466,False,"(0.2, 0.3]"
16x8,N008825,N008828,same,0.5317982456140351,False,"(0.5, 0.6]"
16x8,N001284,N006893,different,0.1234298197706171,False,"(0.1, 0.2]"
16x8,N011033,N011035,same,0.9331243469174504,True,"(0.9, 1.0]"
16x8,N004348,N004349,same,0.4239244491080797,False,"(0.4, 0.5]"
16x8,N004177,N010930,different,0.1464566929133858,False,"(0.1, 0.2]"
16x8,N003845,N003847,same,0.6045454545454545,False,"(0.6, 0.7]"
16x8,N004106,N004107,same,0.2232854864433811,False,"(0.2, 0.3]"
16x8,N007911,N009413,different,0.1477024070021881,False,"(0.1, 0.2]"
16x8,N001010,N001011,same,0.276456111566858,False,"(0.2, 0.3]"
16x8,N009213,N010572,different,0.1050818260120585,False,"(0.1, 0.2]"
16x8,N006364,N006366,same,0.2250879249706917,False,"(0.2, 0.3]"
16x8,N001447,N003703,different,0.1397306397306397,False,"(0.1, 0.2]"
16x8,N009727,N010185,different,0.0970654627539503,False,"(-0.001, 0.1]"
16x8,N000605,N002652,different,0.1330724070450097,False,"(0.1, 0.2]"
16x8,N004016,N004017,same,0.2031578947368421,False,"(0.2, 0.3]"
16x8,N010689,N011576,different,0.0894886363636363,False,"(-0.001, 0.1]"
16x8,N001733,N001734,same,0.6893787575150301,True,"(0.6, 0.7]"
16x8,N004845,N007461,different,0.0921630094043887,False,"(-0.001, 0.1]"
16x8,N010880,N010881,same,0.8031400966183575,True,"(0.8, 0.9]"
16x8,N000498,N001176,different,0.1601005867560771,False,"(0.1, 0.2]"
16x8,N001285,N003729,different,0.1102484472049689,False,"(0.1, 0.2]"
16x8,N006173,N008196,different,0.14765625,False,"(0.1, 0.2]"
16x8,N008110,N009707,different,0.3269372693726937,False,"(0.3, 0.4]"
16x8,N007193,N010619,different,0.368075117370892,False,"(0.3, 0.4]"
16x8,N000561,N003679,different,0.323671497584541,False,"(0.3, 0.4]"
16x8,N003026,N003027,same,0.5643678160919541,False,"(0.5, 0.6]"
16x8,N004552,N004553,same,0.6983523447401775,True,"(0.6, 0.7]"
16x8,N007647,N009169,different,0.3389687235841082,False,"(0.3, 0.4]"
16x8,N005744,N010823,different,0.2867647058823529,False,"(0.2, 0.3]"
16x8,N001880,N002772,different,0.0958445040214477,False,"(-0.001, 0.1]"
16x8,N003351,N006982,different,0.1141998497370398,False,"(0.1, 0.2]"
16x8,N006591,N011935,different,0.1929555895865237,False,"(0.1, 0.2]"
16x8,N008482,N010584,different,0.1490196078431372,False,"(0.1, 0.2]"
16x8,N005814,N006544,different,0.0801603206412825,False,"(-0.001, 0.1]"
16x8,N006622,N006638,different,0.0906921241050119,False,"(-0.001, 0.1]"
16x8,N008603,N010598,different,0.0956123117223313,False,"(-0.001, 0.1]"
16x8,N000753,N000755,same,0.8480603448275862,True,"(0.8, 0.9]"
16x8,N006153,N009437,different,0.3043110735418428,False,"(0.3, 0.4]"
16x8,N002548,N010207,different,0.2938829787234042,False,"(0.2, 0.3]"
16x8,N004026,N010431,different,0.1547518923465096,False,"(0.1, 0.2]"
16x8,N000339,N002440,different,0.1505483549351944,False,"(0.1, 0.2]"
16x8,N000964,N008611,different,0.2659323367427222,False,"(0.2, 0.3]"
16x8,N001833,N004195,different,0.3014037985136251,False,"(0.3, 0.4]"
16x8,N001282,N004950,different,0.0784574468085106,False,"(-0.001, 0.1]"
16x8,N000030,N009868,different,0.1555755395683453,False,"(0.1, 0.2]"
16x8,N001010,N004708,different,0.3507030603804797,False,"(0.3, 0.4]"
16x8,N000566,N008517,different,0.1011804384485666,False,"(0.1, 0.2]"
16x8,N011092,N011095,same,0.6663755458515284,False,"(0.6, 0.7]"
16x8,N001983,N009014,different,0.1359918200408998,False,"(0.1, 0.2]"
16x8,N005044,N005045,same,0.9210526315789472,True,"(0.9, 1.0]"
16x8,N003201,N003203,same,0.9783549783549784,True,"(0.9, 1.0]"
16x8,N000238,N001915,different,0.1671469740634005,False,"(0.1, 0.2]"
16x8,N000461,N004754,different,0.3898635477582846,False,"(0.3, 0.4]"
16x8,N000135,N010890,different,0.0812591508052708,False,"(-0.001, 0.1]"
16x8,N011414,N011759,different,0.1572398190045248,False,"(0.1, 0.2]"
16x8,N003751,N007825,different,0.1239669421487603,False,"(0.1, 0.2]"
16x8,N006774,N009531,different,0.3891625615763547,False,"(0.3, 0.4]"
16x8,N000516,N006620,different,0.1325301204819277,False,"(0.1, 0.2]"
16x8,N004325,N004949,different,0.15234375,False,"(0.1, 0.2]"
16x8,N000557,N004353,different,0.1445993031358885,False,"(0.1, 0.2]"
16x8,N000286,N008208,different,0.3361823361823361,False,"(0.3, 0.4]"
16x8,N002691,N010535,different,0.3512682551883166,False,"(0.3, 0.4]"
16x8,N000490,N006570,different,0.2663204747774481,False,"(0.2, 0.3]"
16x8,N005692,N009368,different,0.085691823899371,False,"(-0.001, 0.1]"
16x8,N006324,N006325,same,0.5694945848375451,True,"(0.5, 0.6]"
16x8,N004951,N011682,different,0.2740094022834117,False,"(0.2, 0.3]"
16x8,N010982,N010985,same,0.6229187071498531,False,"(0.6, 0.7]"
16x8,N009834,N009835,same,0.499348109517601,False,"(0.4, 0.5]"
16x8,N003500,N003501,same,0.6286644951140065,False,"(0.6, 0.7]"
16x8,N010499,N011269,different,0.0714285714285714,False,"(-0.001, 0.1]"
16x8,N005257,N010502,different,0.0915619389587073,False,"(-0.001, 0.1]"
16x8,N003920,N006487,different,0.1234177215189873,False,"(0.1, 0.2]"
16x8,N011834,N011835,same,0.8736842105263158,True,"(0.8, 0.9]"
16x8,N004364,N007454,different,0.1157613535173642,False,"(0.1, 0.2]"
16x8,N004158,N008744,different,0.1572212065813528,False,"(0.1, 0.2]"
16x8,N005771,N006045,different,0.0828351836037574,False,"(-0.001, 0.1]"
16x8,N001865,N011525,different,0.1589506172839506,False,"(0.1, 0.2]"
16x8,N001362,N001363,same,0.2083333333333333,False,"(0.2, 0.3]"
16x8,N009863,N009866,same,0.280248190279214,False,"(0.2, 0.3]"
16x8,N000175,N002508,different,0.1800573888091822,False,"(0.1, 0.2]"
16x8,N006545,N006546,same,0.6821561338289963,False,"(0.6, 0.7]"
16x8,N000215,N005986,different,0.3366583541147132,False,"(0.3, 0.4]"
16x8,N004433,N011613,different,0.085079365079365,False,"(-0.001, 0.1]"
16x8,N000064,N010912,different,0.0785478547854785,False,"(-0.001, 0.1]"
16x8,N008572,N009975,different,0.1344086021505376,False,"(0.1, 0.2]"
16x8,N000431,N001948,different,0.1157742402315484,False,"(0.1, 0.2]"
16x8,N002598,N004139,different,0.1470349309504467,False,"(0.1, 0.2]"
16x8,N007063,N007064,same,0.6487046632124353,True,"(0.6, 0.7]"
16x8,N008238,N008239,same,0.6111685625646329,False,"(0.6, 0.7]"
16x8,N000518,N009485,different,0.0629084967320261,False,"(-0.001, 0.1]"
16x8,N003093,N003735,different,0.0844529750479846,False,"(-0.001, 0.1]"
16x8,N001977,N007620,different,0.0846297448662103,False,"(-0.001, 0.1]"
16x8,N009205,N009208,same,0.3792434529582929,False,"(0.3, 0.4]"
16x8,N003317,N010218,different,0.1335740072202166,False,"(0.1, 0.2]"
16x8,N006112,N006266,different,0.0989232839838492,False,"(-0.001, 0.1]"
16x8,N003208,N003758,different,0.110684580934101,False,"(0.1, 0.2]"
16x8,N008188,N008190,same,0.9590747330960854,True,"(0.9, 1.0]"
16x8,N003051,N011987,different,0.0884955752212389,False,"(-0.001, 0.1]"
16x8,N001446,N004867,different,0.1058738216098622,False,"(0.1, 0.2]"
16x8,N000895,N009304,different,0.3308270676691729,False,"(0.3, 0.4]"
16x8,N000161,N010769,different,0.0740992522093813,False,"(-0.001, 0.1]"
16x8,N003327,N003328,same,0.6176470588235294,True,"(0.6, 0.7]"
16x8,N008176,N010603,different,0.0986582478295185,False,"(-0.001, 0.1]"
16x8,N001633,N001634,same,0.285921625544267,False,"(0.2, 0.3]"
16x8,N004001,N007546,different,0.4297297297297297,False,"(0.4, 0.5]"
16x8,N000937,N000938,same,0.5021834061135371,False,"(0.5, 0.6]"
16x8,N008048,N008050,same,0.9325551232166018,True,"(0.9, 1.0]"
16x8,N004328,N008917,different,0.1522222222222222,False,"(0.1, 0.2]"
16x8,N004757,N008828,different,0.1517367458866544,False,"(0.1, 0.2]"
16x8,N005397,N005398,same,0.2808290155440414,False,"(0.2, 0.3]"
16x8,N001291,N007292,different,0.1559909570459683,False,"(0.1, 0.2]"
16x8,N007205,N007207,same,0.985358711566618,True,"(0.9, 1.0]"
16x8,N002229,N011361,different,0.3763066202090592,False,"(0.3, 0.4]"
16x8,N005375,N005716,different,0.0989819004524886,False,"(-0.001, 0.1]"
16x8,N002758,N002818,different,0.1445086705202312,False,"(0.1, 0.2]"
16x8,N009564,N011151,different,0.3139890042761148,False,"(0.3, 0.4]"
16x8,N008487,N008488,same,0.8970380818053597,True,"(0.8, 0.9]"
16x8,N007856,N007858,same,0.5937873357228196,False,"(0.5, 0.6]"
16x8,N000647,N001025,different,0.086284610431423,False,"(-0.001, 0.1]"
16x8,N003489,N010336,different,0.1485249237029501,False,"(0.1, 0.2]"
16x8,N000327,N009318,different,0.1621621621621621,False,"(0.1, 0.2]"
16x8,N005431,N006150,different,0.1001990710019907,False,"(0.1, 0.2]"
16x8,N002684,N004549,different,0.0852309694209499,False,"(-0.001, 0.1]"
16x8,N005744,N007062,different,0.080028328611898,False,"(-0.001, 0.1]"
16x8,N004248,N011184,different,0.1342828077314344,False,"(0.1, 0.2]"
16x8,N003020,N003021,same,0.3939393939393939,False,"(0.3, 0.4]"
16x8,N000160,N003947,different,0.1815980629539951,False,"(0.1, 0.2]"
16x8,N006712,N008335,different,0.1577928363988383,False,"(0.1, 0.2]"
16x8,N000843,N005365,different,0.1390274314214463,False,"(0.1, 0.2]"
16x8,N011628,N011629,same,0.2601449275362318,False,"(0.2, 0.3]"
16x8,N000026,N011332,different,0.3570391872278665,False,"(0.3, 0.4]"
16x8,N003058,N009240,different,0.1333333333333333,False,"(0.1, 0.2]"
16x8,N000396,N000397,same,0.3152920962199312,False,"(0.3, 0.4]"
16x8,N006146,N006401,different,0.094521372667068,False,"(-0.001, 0.1]"
16x8,N007004,N011967,different,0.1545643153526971,False,"(0.1, 0.2]"
16x8,N002229,N002230,same,0.3728029602220166,False,"(0.3, 0.4]"
16x8,N002088,N011862,different,0.2764084507042254,False,"(0.2, 0.3]"
16x8,N004709,N004711,same,0.9244444444444444,True,"(0.9, 1.0]"
16x8,N001940,N002621,different,0.1055099648300117,False,"(0.1, 0.2]"
16x8,N004803,N004804,same,0.841091492776886,True,"(0.8, 0.9]"
16x8,N003748,N011207,different,0.0830924855491329,False,"(-0.001, 0.1]"
16x8,N001623,N010411,different,0.0740169622205088,False,"(-0.001, 0.1]"
16x8,N002821,N007053,different,0.2627627627627628,False,"(0.2, 0.3]"
16x8,N001977,N006802,different,0.3533434650455927,False,"(0.3, 0.4]"
16x8,N000993,N011320,different,0.1631912964641886,False,"(0.1, 0.2]"
16x8,N008784,N011076,different,0.3138479001135074,False,"(0.3, 0.4]"
16x8,N001137,N005072,different,0.1214488636363636,False,"(0.1, 0.2]"
16x8,N007487,N007491,same,0.4421437271619975,False,"(0.4, 0.5]"
16x8,N002401,N005487,different,0.1476793248945147,False,"(0.1, 0.2]"
16x8,N001101,N002086,different,0.1072625698324022,False,"(0.1, 0.2]"
16x8,N004655,N010935,different,0.3268456375838926,False,"(0.3, 0.4]"
16x8,N004085,N004086,same,0.8783943329397875,True,"(0.8, 0.9]"
16x8,N003125,N003127,same,0.8840399002493765,True,"(0.8, 0.9]"
16x8,N001101,N001666,different,0.1078184110970996,False,"(0.1, 0.2]"
16x8,N001141,N001142,same,0.2220956719817767,False,"(0.2, 0.3]"
16x8,N006480,N008863,different,0.0788423153692614,False,"(-0.001, 0.1]"
16x8,N000817,N011666,different,0.2837370242214533,False,"(0.2, 0.3]"
16x8,N000219,N003185,different,0.1503215434083601,False,"(0.1, 0.2]"
16x8,N001988,N006863,different,0.1072925398155909,False,"(0.1, 0.2]"
16x8,N009478,N009479,same,0.622093023255814,False,"(0.6, 0.7]"
16x8,N001784,N005288,different,0.0949806949806949,False,"(-0.001, 0.1]"
16x8,N001436,N002155,different,0.06843853820598,False,"(-0.001, 0.1]"
16x8,N006423,N011777,different,0.1448066717210007,False,"(0.1, 0.2]"
16x8,N006565,N006569,same,0.272189349112426,False,"(0.2, 0.3]"
16x8,N003427,N006396,different,0.1789473684210526,False,"(0.1, 0.2]"
16x8,N009745,N009848,different,0.3070866141732283,False,"(0.3, 0.4]"
16x8,N002762,N002765,same,0.6002202643171806,False,"(0.6, 0.7]"
16x8,N000065,N000124,different,0.1021437578814628,False,"(0.1, 0.2]"
16x8,N001140,N008945,different,0.1195198329853862,False,"(0.1, 0.2]"
16x8,N002973,N002974,same,0.7129455909943715,True,"(0.7, 0.8]"
16x8,N006774,N006775,same,0.3181818181818182,False,"(0.3, 0.4]"
16x8,N011429,N011433,same,0.5985853227232537,False,"(0.5, 0.6]"
16x8,N009822,N009823,same,0.2852729145211122,False,"(0.2, 0.3]"
16x8,N009371,N009372,same,0.625,False,"(0.6, 0.7]"
16x8,N001006,N009138,different,0.2263157894736842,False,"(0.2, 0.3]"
16x8,N000723,N009281,different,0.0880195599022004,False,"(-0.001, 0.1]"
16x8,N000259,N003124,different,0.1635311143270622,False,"(0.1, 0.2]"
16x8,N002544,N002792,different,0.3598360655737705,False,"(0.3, 0.4]"
16x8,N002931,N008664,different,0.2419354838709677,False,"(0.2, 0.3]"
16x8,N000990,N002132,different,0.2771699489423778,False,"(0.2, 0.3]"
16x8,N005946,N007449,different,0.1117678667383127,False,"(0.1, 0.2]"
16x8,N004307,N010960,different,0.1471984805318138,False,"(0.1, 0.2]"
16x8,N005835,N008645,different,0.3813084112149533,False,"(0.3, 0.4]"
16x8,N001422,N004687,different,0.2548476454293629,False,"(0.2, 0.3]"
16x8,N007233,N007728,different,0.0721997300944669,False,"(-0.001, 0.1]"
16x8,N009592,N009782,different,0.1672,False,"(0.1, 0.2]"
16x8,N011533,N011534,same,0.5235803657362849,False,"(0.5, 0.6]"
16x8,N005300,N005301,same,0.9293044469783353,True,"(0.9, 1.0]"
16x8,N005855,N007938,different,0.1415384615384615,False,"(0.1, 0.2]"
16x8,N007921,N007922,same,0.5435244161358811,False,"(0.5, 0.6]"
16x8,N001521,N006976,different,0.2919605077574048,False,"(0.2, 0.3]"
16x8,N000725,N008406,different,0.2877094972067039,False,"(0.2, 0.3]"
16x8,N004174,N006820,different,0.1487481590574374,False,"(0.1, 0.2]"
16x8,N000607,N004665,different,0.1477170993733214,False,"(0.1, 0.2]"
16x8,N003228,N006079,different,0.1407942238267148,False,"(0.1, 0.2]"
16x8,N010506,N010507,same,0.5048231511254019,False,"(0.5, 0.6]"
16x8,N010699,N010700,same,0.527363184079602,False,"(0.5, 0.6]"
16x8,N001185,N004181,different,0.2413509060955519,False,"(0.2, 0.3]"
16x8,N005027,N005028,same,0.9024767801857584,True,"(0.9, 1.0]"
16x8,N001758,N009092,different,0.1349557522123893,False,"(0.1, 0.2]"
16x8,N002928,N003582,different,0.0769716088328075,False,"(-0.001, 0.1]"
16x8,N003050,N008741,different,0.3537300922045264,False,"(0.3, 0.4]"
16x8,N004158,N011487,different,0.1392045454545454,False,"(0.1, 0.2]"
16x8,N000139,N007621,different,0.1408582089552238,False,"(0.1, 0.2]"
16x8,N007036,N007038,same,0.3094098883572568,False,"(0.3, 0.4]"
16x8,N002201,N002648,different,0.1412056151940545,False,"(0.1, 0.2]"
16x8,N000003,N000843,different,0.3449074074074074,False,"(0.3, 0.4]"
16x8,N007190,N008966,different,0.1497277676950998,False,"(0.1, 0.2]"
16x8,N010033,N010034,same,0.9582712369597616,True,"(0.9, 1.0]"
16x8,N005989,N005990,same,0.5709057639524245,False,"(0.5, 0.6]"
16x8,N002242,N004023,different,0.134,False,"(0.1, 0.2]"
16x8,N000443,N004578,different,0.0691624365482233,False,"(-0.001, 0.1]"
16x8,N005743,N005744,same,0.3746283448959365,False,"(0.3, 0.4]"
16x8,N003903,N006662,different,0.0873124147339699,False,"(-0.001, 0.1]"
16x8,N011033,N011036,same,0.5340572556762093,False,"(0.5, 0.6]"
16x8,N006643,N006644,same,0.3333333333333333,False,"(0.3, 0.4]"
16x8,N003720,N006775,different,0.2016348773841962,False,"(0.2, 0.3]"
16x8,N003418,N007053,different,0.1395193591455273,False,"(0.1, 0.2]"
16x8,N003804,N005139,different,0.1006389776357827,False,"(0.1, 0.2]"
16x8,N002540,N007668,different,0.0836261419536191,False,"(-0.001, 0.1]"
16x8,N008366,N008369,same,0.8988529718456726,True,"(0.8, 0.9]"
16x8,N010742,N010743,same,0.5047418335089568,False,"(0.5, 0.6]"
16x8,N004746,N004760,different,0.1681005956320317,False,"(0.1, 0.2]"
16x8,N007368,N009303,different,0.2859574468085106,False,"(0.2, 0.3]"
16x8,N007396,N007397,same,0.9009433962264152,True,"(0.9, 1.0]"
16x8,N001143,N009969,different,0.2577235772357724,False,"(0.2, 0.3]"
16x8,N002468,N002469,same,0.9352869352869352,True,"(0.9, 1.0]"
16x8,N007220,N011663,different,0.1265646731571627,False,"(0.1, 0.2]"
16x8,N005926,N007181,different,0.1407471763683753,False,"(0.1, 0.2]"
16x8,N003437,N005168,different,0.0696721311475409,False,"(-0.001, 0.1]"
16x8,N000355,N000372,different,0.1086691086691086,False,"(0.1, 0.2]"
16x8,N010682,N010683,same,0.935093509350935,True,"(0.9, 1.0]"
16x8,N004567,N008956,different,0.1710193765796124,False,"(0.1, 0.2]"
16x8,N008093,N008094,same,0.3982947624847747,False,"(0.3, 0.4]"
16x8,N004447,N004449,same,0.3492063492063492,False,"(0.3, 0.4]"
16x8,N001475,N004007,different,0.1066387872451646,False,"(0.1, 0.2]"
16x8,N001138,N009030,different,0.0905263157894736,False,"(-0.001, 0.1]"
16x8,N004140,N010723,different,0.2790697674418604,False,"(0.2, 0.3]"
16x8,N007477,N007828,different,0.3167655786350148,False,"(0.3, 0.4]"
16x8,N008284,N009896,different,0.1411462788708297,False,"(0.1, 0.2]"
16x8,N006759,N008551,different,0.1343065693430657,False,"(0.1, 0.2]"
16x8,N004856,N010634,different,0.313182811361981,False,"(0.3, 0.4]"
16x8,N003022,N010880,different,0.1012965964343598,False,"(0.1, 0.2]"
16x8,N001271,N001372,different,0.1405353728489483,False,"(0.1, 0.2]"
16x8,N002952,N006725,different,0.1591448931116389,False,"(0.1, 0.2]"
16x8,N009630,N010560,different,0.2610294117647059,False,"(0.2, 0.3]"
16x8,N002342,N008733,different,0.1140724946695096,False,"(0.1, 0.2]"
16x8,N002631,N007528,different,0.1314741035856573,False,"(0.1, 0.2]"
16x8,N002957,N003701,different,0.1141950832672482,False,"(0.1, 0.2]"
16x8,N011515,N011516,same,0.4451476793248945,False,"(0.4, 0.5]"
16x8,N004013,N005436,different,0.0877862595419847,False,"(-0.001, 0.1]"
16x8,N010144,N010145,same,0.950354609929078,True,"(0.9, 1.0]"
16x8,N004509,N004511,same,0.6730103806228374,False,"(0.6, 0.7]"
16x8,N003868,N011674,different,0.152,False,"(0.1, 0.2]"
16x8,N008357,N009838,different,0.1414141414141414,False,"(0.1, 0.2]"
16x8,N005241,N005242,same,0.8484375,True,"(0.8, 0.9]"
16x8,N008230,N009234,different,0.0799207397622192,False,"(-0.001, 0.1]"
16x8,N000666,N000923,different,0.0755523877405559,False,"(-0.001, 0.1]"
16x8,N003267,N005780,different,0.1529105125977411,False,"(0.1, 0.2]"
16x8,N001044,N001720,different,0.09875,False,"(-0.001, 0.1]"
16x8,N011522,N011523,same,0.5862068965517241,False,"(0.5, 0.6]"
16x8,N009330,N010526,different,0.1628919860627177,False,"(0.1, 0.2]"
16x8,N003319,N008808,different,0.3280788177339901,False,"(0.3, 0.4]"
16x8,N006178,N006182,same,0.3955296404275996,False,"(0.3, 0.4]"
16x8,N002814,N005953,different,0.1319857312722948,False,"(0.1, 0.2]"
16x8,N007615,N007616,same,0.6785714285714286,True,"(0.6, 0.7]"
16x8,N007876,N007877,same,0.4831261101243339,False,"(0.4, 0.5]"
16x8,N004729,N004730,same,0.4846870838881491,False,"(0.4, 0.5]"
16x8,N005862,N006116,different,0.3430749682337992,False,"(0.3, 0.4]"
16x8,N000562,N005787,different,0.0849335302806499,False,"(-0.001, 0.1]"
16x8,N007575,N009140,different,0.0734966592427616,False,"(-0.001, 0.1]"
16x8,N011000,N011001,same,0.2851239669421487,False,"(0.2, 0.3]"
16x8,N006167,N009175,different,0.1465076660988075,False,"(0.1, 0.2]"
16x8,N004662,N009916,different,0.106290672451193,False,"(0.1, 0.2]"
16x8,N010431,N010432,same,0.8757062146892656,True,"(0.8, 0.9]"
16x8,N001509,N001510,same,0.6080617495711835,False,"(0.6, 0.7]"
16x8,N000737,N002287,different,0.1294212218649517,False,"(0.1, 0.2]"
16x8,N001764,N001765,same,0.5420118343195266,False,"(0.5, 0.6]"
16x8,N004877,N006275,different,0.1703810208483105,False,"(0.1, 0.2]"
16x8,N002351,N006165,different,0.2677642980935875,False,"(0.2, 0.3]"
16x8,N009140,N009547,different,0.3079448456992777,False,"(0.3, 0.4]"
16x8,N007104,N007105,same,0.9476635514018692,True,"(0.9, 1.0]"
16x8,N000463,N000465,same,0.6717557251908397,True,"(0.6, 0.7]"
16x8,N001124,N011201,different,0.1432225063938619,False,"(0.1, 0.2]"
16x8,N004151,N010614,different,0.3766122098022356,False,"(0.3, 0.4]"
16x8,N003957,N007645,different,0.1379038613081166,False,"(0.1, 0.2]"
16x8,N003941,N009735,different,0.095561035758323,False,"(-0.001, 0.1]"
16x8,N000647,N008088,different,0.0801498127340823,False,"(-0.001, 0.1]"
16x8,N002017,N005475,different,0.2821522309711286,False,"(0.2, 0.3]"
16x8,N000323,N006510,different,0.1636726546906187,False,"(0.1, 0.2]"
16x8,N008539,N008542,same,0.3689024390243902,False,"(0.3, 0.4]"
16x8,N002578,N006004,different,0.3570843570843571,False,"(0.3, 0.4]"
16x8,N001918,N002086,different,0.1120646138313982,False,"(0.1, 0.2]"
16x8,N002507,N002508,same,0.9279711884753902,True,"(0.9, 1.0]"
16x8,N001934,N011090,different,0.2501878287002254,False,"(0.2, 0.3]"
16x8,N004269,N011588,different,0.2105263157894736,False,"(0.2, 0.3]"
16x8,N005629,N006728,different,0.1042810098792535,False,"(0.1, 0.2]"
16x8,N008009,N008010,same,0.3585086042065009,False,"(0.3, 0.4]"
16x8,N009840,N009841,same,0.3700680272108843,False,"(0.3, 0.4]"
8x16,N010018,N010020,same,0.1987315010570824,False,"(0.1, 0.2]"
8x16,N007876,N008565,different,0.1113412739513205,False,"(0.1, 0.2]"
8x16,N005451,N005452,same,0.2737588652482269,False,"(0.2, 0.3]"
8x16,N008464,N010231,different,0.0694533762057877,False,"(-0.001, 0.1]"
8x16,N000420,N001104,different,0.1614906832298136,False,"(0.1, 0.2]"
8x16,N004781,N005219,different,0.1937984496124031,False,"(0.1, 0.2]"
8x16,N007021,N010547,different,0.2564745196324143,False,"(0.2, 0.3]"
8x16,N004413,N008734,different,0.0787623066104078,False,"(-0.001, 0.1]"
8x16,N007783,N007784,same,0.2463576158940397,False,"(0.2, 0.3]"
8x16,N001104,N001107,same,0.2630385487528344,False,"(0.2, 0.3]"
8x16,N006958,N006959,same,0.4536271808999081,False,"(0.4, 0.5]"
8x16,N003107,N007431,different,0.2796327212020033,False,"(0.2, 0.3]"
8x16,N010497,N011446,different,0.3457573354480571,False,"(0.3, 0.4]"
8x16,N002561,N003545,different,0.0775193798449612,False,"(-0.001, 0.1]"
8x16,N004217,N007965,different,0.3402317880794702,False,"(0.3, 0.4]"
8x16,N006099,N006100,same,0.5925597874224978,False,"(0.5, 0.6]"
8x16,N009010,N009562,different,0.0893617021276595,False,"(-0.001, 0.1]"
8x16,N005332,N005333,same,0.8181818181818182,True,"(0.8, 0.9]"
8x16,N008288,N010448,different,0.2705501618122977,False,"(0.2, 0.3]"
8x16,N002391,N009409,different,0.086021505376344,False,"(-0.001, 0.1]"
8x16,N001001,N007428,different,0.1213292117465224,False,"(0.1, 0.2]"
8x16,N002919,N002920,same,0.9424141749723144,True,"(0.9, 1.0]"
8x16,N007223,N008301,different,0.1638418079096045,False,"(0.1, 0.2]"
8x16,N005352,N007867,different,0.086410635155096,False,"(-0.001, 0.1]"
8x16,N007893,N007894,same,0.852017937219731,True,"(0.8, 0.9]"
8x16,N002670,N007972,different,0.2815186246418338,False,"(0.2, 0.3]"
8x16,N006038,N008642,different,0.0982519590114526,False,"(-0.001, 0.1]"
8x16,N004523,N007453,different,0.1600771456123433,False,"(0.1, 0.2]"
8x16,N006491,N010563,different,0.3231750531537916,False,"(0.3, 0.4]"
8x16,N002902,N010086,different,0.1457725947521866,False,"(0.1, 0.2]"
8x16,N001013,N003939,different,0.1738056013179571,False,"(0.1, 0.2]"
8x16,N002612,N004456,different,0.097020097020097,False,"(-0.001, 0.1]"
8x16,N003308,N005945,different,0.0843621399176954,False,"(-0.001, 0.1]"
8x16,N002811,N007128,different,0.1680161943319838,False,"(0.1, 0.2]"
8x16,N007478,N011108,different,0.1066152858060372,False,"(0.1, 0.2]"
8x16,N001760,N001761,same,0.9550173010380624,True,"(0.9, 1.0]"
8x16,N004944,N009237,different,0.105890603085554,False,"(0.1, 0.2]"
8x16,N008261,N008262,same,0.5982378854625551,False,"(0.5, 0.6]"
8x16,N003630,N009918,different,0.1227272727272727,False,"(0.1, 0.2]"
8x16,N003948,N008608,different,0.0788243152972612,False,"(-0.001, 0.1]"
8x16,N008997,N008998,same,0.473972602739726,False,"(0.4, 0.5]"
8x16,N004789,N005917,different,0.1609281437125748,False,"(0.1, 0.2]"
8x16,N003672,N008071,different,0.4044016506189821,False,"(0.4, 0.5]"
8x16,N009235,N009236,same,0.3705103969754253,False,"(0.3, 0.4]"
8x16,N001817,N002597,different,0.3341213553979511,False,"(0.3, 0.4]"
8x16,N000985,N000986,same,0.1965020576131687,False,"(0.1, 0.2]"
8x16,N000993,N010660,different,0.1422413793103448,False,"(0.1, 0.2]"
8x16,N003269,N010318,different,0.1720351390922401,False,"(0.1, 0.2]"
8x16,N011750,N011966,different,0.1679073614557485,False,"(0.1, 0.2]"
8x16,N010357,N010360,same,0.9702048417132216,True,"(0.9, 1.0]"
8x16,N001163,N001165,same,0.968,True,"(0.9, 1.0]"
8x16,N011255,N011732,different,0.1723534558180227,False,"(0.1, 0.2]"
8x16,N007191,N011803,different,0.0794198895027624,False,"(-0.001, 0.1]"
8x16,N003422,N008330,different,0.0906084656084656,False,"(-0.001, 0.1]"
8x16,N004762,N011915,different,0.3286274509803921,False,"(0.3, 0.4]"
8x16,N006325,N006326,same,0.8105395232120451,True,"(0.8, 0.9]"
8x16,N003658,N003661,same,0.8946459412780656,True,"(0.8, 0.9]"
8x16,N010135,N010136,same,0.9823008849557522,True,"(0.9, 1.0]"
8x16,N003079,N011928,different,0.3535087719298245,False,"(0.3, 0.4]"
8x16,N000268,N009659,different,0.4272151898734177,False,"(0.4, 0.5]"
8x16,N001173,N001174,same,0.564042303172738,False,"(0.5, 0.6]"
8x16,N004065,N007546,different,0.2972718720602069,False,"(0.2, 0.3]"
8x16,N000702,N007932,different,0.0748256182625237,False,"(-0.001, 0.1]"
8x16,N009387,N009517,different,0.1550079491255961,False,"(0.1, 0.2]"
8x16,N000358,N007166,different,0.1524822695035461,False,"(0.1, 0.2]"
8x16,N007841,N011872,different,0.0900621118012422,False,"(-0.001, 0.1]"
8x16,N000576,N000577,same,0.1786055396370582,False,"(0.1, 0.2]"
8x16,N003372,N008041,different,0.1540785498489426,False,"(0.1, 0.2]"
8x16,N006470,N009323,different,0.3245481927710843,False,"(0.3, 0.4]"
8x16,N001685,N001686,same,0.6132848043676069,False,"(0.6, 0.7]"
8x16,N002358,N005690,different,0.1574225122349102,False,"(0.1, 0.2]"
8x16,N002216,N002218,same,0.8135338345864662,True,"(0.8, 0.9]"
8x16,N003837,N007101,different,0.2532281205164993,False,"(0.2, 0.3]"
8x16,N008995,N010419,different,0.1475548060708263,False,"(0.1, 0.2]"
8x16,N001394,N003813,different,0.104594330400782,False,"(0.1, 0.2]"
8x16,N003816,N009648,different,0.3646308113035551,False,"(0.3, 0.4]"
8x16,N000883,N003126,different,0.0866721177432543,False,"(-0.001, 0.1]"
8x16,N010748,N011807,different,0.1994750656167979,False,"(0.1, 0.2]"
8x16,N006050,N007874,different,0.1027278003482298,False,"(0.1, 0.2]"
8x16,N011687,N011688,same,0.9830220713073003,True,"(0.9, 1.0]"
8x16,N000036,N011140,different,0.1267232237539766,False,"(0.1, 0.2]"
8x16,N000051,N000052,same,0.953307392996109,True,"(0.9, 1.0]"
8x16,N001105,N007889,different,0.0680218921032056,False,"(-0.001, 0.1]"
8x16,N004491,N004492,same,0.5182926829268293,False,"(0.5, 0.6]"
8x16,N004978,N009682,different,0.1228222996515679,False,"(0.1, 0.2]"
8x16,N008379,N008380,same,0.864406779661017,False,"(0.8, 0.9]"
8x16,N001189,N011628,different,0.0988745980707395,False,"(-0.001, 0.1]"
8x16,N000183,N001889,different,0.4340425531914894,False,"(0.4, 0.5]"
8x16,N006225,N006227,same,0.210412147505423,False,"(0.2, 0.3]"
8x16,N002447,N007313,different,0.1302857142857142,False,"(0.1, 0.2]"
8x16,N005321,N005322,same,0.9304123711340206,True,"(0.9, 1.0]"
8x16,N004563,N004564,same,0.3852106620808254,False,"(0.3, 0.4]"
8x16,N001497,N001498,same,0.4645799011532125,False,"(0.4, 0.5]"
8x16,N002729,N008105,different,0.1562252180808881,False,"(0.1, 0.2]"
8x16,N000314,N008220,different,0.1233552631578947,False,"(0.1, 0.2]"
8x16,N001902,N009227,different,0.3510758776896942,False,"(0.3, 0.4]"
8x16,N001376,N009439,different,0.2835011618900077,False,"(0.2, 0.3]"
8x16,N003019,N009498,different,0.1111111111111111,False,"(0.1, 0.2]"
8x16,N003883,N004988,different,0.0938851142680667,False,"(-0.001, 0.1]"
8x16,N004822,N007764,different,0.1306501547987616,False,"(0.1, 0.2]"
8x16,N000255,N007615,different,0.2618296529968454,False,"(0.2, 0.3]"
8x16,N005676,N011302,different,0.1440329218106996,False,"(0.1, 0.2]"
8x16,N003403,N007889,different,0.0820143884892086,False,"(-0.001, 0.1]"
8x16,N002476,N005891,different,0.0907894736842105,False,"(-0.001, 0.1]"
8x16,N004988,N009224,different,0.114792899408284,False,"(0.1, 0.2]"
8x16,N001677,N011151,different,0.1003562945368171,False,"(0.1, 0.2]"
8x16,N006731,N006732,same,0.8859060402684564,True,"(0.8, 0.9]"
8x16,N002200,N009548,different,0.0974297668858338,False,"(-0.001, 0.1]"
8x16,N001873,N001874,same,0.8815426997245179,False,"(0.8, 0.9]"
8x16,N006820,N010293,different,0.1648351648351648,False,"(0.1, 0.2]"
8x16,N004096,N007060,different,0.2082683307332293,False,"(0.2, 0.3]"
8x16,N003135,N003543,different,0.1820448877805486,False,"(0.1, 0.2]"
8x16,N006564,N007387,different,0.1912144702842377,False,"(0.1, 0.2]"
8x16,N004906,N008027,different,0.184,False,"(0.1, 0.2]"
8x16,N000145,N007083,different,0.09125,False,"(-0.001, 0.1]"
8x16,N008087,N008088,same,0.3101010101010101,False,"(0.3, 0.4]"
8x16,N007153,N007701,different,0.3163418290854572,False,"(0.3, 0.4]"
8x16,N010825,N010826,same,0.6002143622722401,False,"(0.6, 0.7]"
8x16,N006905,N006906,same,0.9791955617198336,True,"(0.9, 1.0]"
8x16,N001863,N002786,different,0.0989922940130409,False,"(-0.001, 0.1]"
8x16,N001735,N005403,different,0.2863475177304964,False,"(0.2, 0.3]"
8x16,N009982,N009985,same,0.1882519462137296,False,"(0.1, 0.2]"
8x16,N008801,N011616,different,0.1529105125977411,False,"(0.1, 0.2]"
8x16,N003201,N011795,different,0.3049967553536664,False,"(0.3, 0.4]"
8x16,N009040,N010335,different,0.0883002207505518,False,"(-0.001, 0.1]"
8x16,N000276,N000278,same,0.2373923739237392,False,"(0.2, 0.3]"
8x16,N001338,N001340,same,0.9699570815450644,True,"(0.9, 1.0]"
8x16,N011118,N011119,same,0.8378698224852071,True,"(0.8, 0.9]"
8x16,N000768,N000770,same,0.6359039190897599,False,"(0.6, 0.7]"
8x16,N001515,N006807,different,0.1460494812450119,False,"(0.1, 0.2]"
8x16,N009100,N009150,different,0.1350040420371867,False,"(0.1, 0.2]"
8x16,N000437,N010413,different,0.090455396132252,False,"(-0.001, 0.1]"
8x16,N008497,N008498,same,0.5399201596806387,False,"(0.5, 0.6]"
8x16,N007145,N007146,same,0.4770114942528735,False,"(0.4, 0.5]"
8x16,N007053,N010560,different,0.2483271375464684,False,"(0.2, 0.3]"
8x16,N008280,N010910,different,0.1444256756756756,False,"(0.1, 0.2]"
8x16,N001364,N001365,same,0.8190104166666666,False,"(0.8, 0.9]"
8x16,N001075,N009237,different,0.3218503937007874,False,"(0.3, 0.4]"
8x16,N003268,N007976,different,0.3335403726708074,False,"(0.3, 0.4]"
8x16,N004168,N004169,same,0.6512992455993294,False,"(0.6, 0.7]"
8x16,N003317,N011369,different,0.1354581673306772,False,"(0.1, 0.2]"
8x16,N002748,N011595,different,0.2767402376910017,False,"(0.2, 0.3]"
8x16,N000873,N002331,different,0.091692789968652,False,"(-0.001, 0.1]"
8x16,N009379,N009380,same,0.98005698005698,True,"(0.9, 1.0]"
8x16,N007382,N009541,different,0.0972515856236786,False,"(-0.001, 0.1]"
8x16,N006828,N011568,different,0.1071428571428571,False,"(0.1, 0.2]"
8x16,N005210,N009890,different,0.1273764258555133,False,"(0.1, 0.2]"
8x16,N009046,N010077,different,0.2749077490774907,False,"(0.2, 0.3]"
8x16,N000659,N006306,different,0.0910290237467018,False,"(-0.001, 0.1]"
8x16,N005472,N007849,different,0.0971246006389776,False,"(-0.001, 0.1]"
8x16,N007681,N009555,different,0.3104166666666667,False,"(0.3, 0.4]"
8x16,N007201,N010116,different,0.151093439363817,False,"(0.1, 0.2]"
8x16,N002665,N004599,different,0.0975029726516052,False,"(-0.001, 0.1]"
8x16,N007557,N008376,different,0.2811867835468644,False,"(0.2, 0.3]"
8x16,N000189,N001381,different,0.1442953020134228,False,"(0.1, 0.2]"
8x16,N004220,N007941,different,0.2714508580343214,False,"(0.2, 0.3]"
8x16,N002036,N008928,different,0.0682730923694779,False,"(-0.001, 0.1]"
8x16,N003662,N010020,different,0.1947368421052631,False,"(0.1, 0.2]"
8x16,N004066,N006280,different,0.1448007774538386,False,"(0.1, 0.2]"
8x16,N005647,N010086,different,0.1487603305785124,False,"(0.1, 0.2]"
8x16,N002586,N006131,different,0.1583403895004233,False,"(0.1, 0.2]"
8x16,N004043,N004969,different,0.0748299319727891,False,"(-0.001, 0.1]"
8x16,N010853,N010857,same,0.7401574803149606,False,"(0.7, 0.8]"
8x16,N000202,N007774,different,0.1714023831347387,False,"(0.1, 0.2]"
8x16,N002852,N002853,same,0.5619918699186992,False,"(0.5, 0.6]"
8x16,N008049,N010976,different,0.144220572640509,False,"(0.1, 0.2]"
8x16,N010028,N010039,different,0.293282876064333,False,"(0.2, 0.3]"
8x16,N004028,N010035,different,0.1978609625668449,False,"(0.1, 0.2]"
8x16,N001702,N010946,different,0.1118299445471349,False,"(0.1, 0.2]"
8x16,N008791,N008803,different,0.3335901386748844,False,"(0.3, 0.4]"
8x16,N000684,N004640,different,0.1611111111111111,False,"(0.1, 0.2]"
8x16,N011929,N011930,same,0.383739837398374,False,"(0.3, 0.4]"
8x16,N003860,N004075,different,0.2740937223695844,False,"(0.2, 0.3]"
8x16,N003884,N007431,different,0.0917553191489361,False,"(-0.001, 0.1]"
8x16,N002204,N007953,different,0.1237016052880075,False,"(0.1, 0.2]"
8x16,N005664,N005666,same,0.7739273927392739,False,"(0.7, 0.8]"
8x16,N003982,N006359,different,0.3064992614475628,False,"(0.3, 0.4]"
8x16,N002817,N002819,same,0.2419354838709677,False,"(0.2, 0.3]"
8x16,N002626,N002629,same,0.5141921397379913,False,"(0.5, 0.6]"
8x16,N000262,N002156,different,0.290736984448952,False,"(0.2, 0.3]"
8x16,N000131,N003422,different,0.3564173591874423,False,"(0.3, 0.4]"
8x16,N000852,N010531,different,0.090505767524401,False,"(-0.001, 0.1]"
8x16,N003659,N005484,different,0.1022576361221779,False,"(0.1, 0.2]"
8x16,N001115,N009773,different,0.3744569939183318,False,"(0.3, 0.4]"
8x16,N010941,N010942,same,0.8907363420427553,True,"(0.8, 0.9]"
8x16,N008101,N008840,different,0.1264822134387351,False,"(0.1, 0.2]"
8x16,N005983,N009546,different,0.341860465116279,False,"(0.3, 0.4]"
8x16,N001180,N006053,different,0.2686567164179104,False,"(0.2, 0.3]"
8x16,N004248,N005277,different,0.1173020527859237,False,"(0.1, 0.2]"
8x16,N006025,N010086,different,0.1429597701149425,False,"(0.1, 0.2]"
8x16,N002970,N007570,different,0.3452282157676348,False,"(0.3, 0.4]"
8x16,N002439,N007343,different,0.2769911504424778,False,"(0.2, 0.3]"
8x16,N001488,N005914,different,0.149689991142604,False,"(0.1, 0.2]"
8x16,N001624,N006762,different,0.1044957472660996,False,"(0.1, 0.2]"
8x16,N004870,N006313,different,0.1796157059314954,False,"(0.1, 0.2]"
8x16,N011017,N011020,same,0.5273477812177503,False,"(0.5, 0.6]"
8x16,N002389,N002391,same,0.5518962075848304,False,"(0.5, 0.6]"
8x16,N000672,N002056,different,0.0942895086321381,False,"(-0.001, 0.1]"
8x16,N003476,N004605,different,0.1599312123817712,False,"(0.1, 0.2]"
8x16,N008022,N010492,different,0.3256704980842911,False,"(0.3, 0.4]"
8x16,N009775,N009854,different,0.0647590361445783,False,"(-0.001, 0.1]"
8x16,N001443,N010092,different,0.2540381791483113,False,"(0.2, 0.3]"
8x16,N008152,N008153,same,0.8877338877338877,True,"(0.8, 0.9]"
8x16,N004151,N009894,different,0.0922600619195046,False,"(-0.001, 0.1]"
8x16,N009151,N011771,different,0.3623318385650224,False,"(0.3, 0.4]"
8x16,N004672,N008166,different,0.3858392999204455,False,"(0.3, 0.4]"
8x16,N005081,N007027,different,0.1417740712661107,False,"(0.1, 0.2]"
8x16,N002173,N008545,different,0.1504965622612681,False,"(0.1, 0.2]"
8x16,N003781,N003783,same,0.8772169167803547,False,"(0.8, 0.9]"
8x16,N002084,N007552,different,0.1469298245614035,False,"(0.1, 0.2]"
8x16,N004001,N004002,same,0.435759209344115,False,"(0.4, 0.5]"
8x16,N009163,N009439,different,0.1352405721716515,False,"(0.1, 0.2]"
8x16,N002426,N003338,different,0.0959501557632398,False,"(-0.001, 0.1]"
8x16,N006423,N006425,same,0.9245508982035928,True,"(0.9, 1.0]"
8x16,N007876,N009829,different,0.3517096999302163,False,"(0.3, 0.4]"
8x16,N007687,N009311,different,0.3002274450341167,False,"(0.3, 0.4]"
8x16,N001746,N002955,different,0.0722702278083267,False,"(-0.001, 0.1]"
8x16,N008284,N008285,same,0.5817051509769094,False,"(0.5, 0.6]"
8x16,N001309,N011869,different,0.0875850340136054,False,"(-0.001, 0.1]"
8x16,N002589,N004081,different,0.094074074074074,False,"(-0.001, 0.1]"
8x16,N005300,N006349,different,0.3592760180995475,False,"(0.3, 0.4]"
8x16,N009455,N009456,same,0.5199556541019955,False,"(0.5, 0.6]"
8x16,N004081,N010560,different,0.1065340909090909,False,"(0.1, 0.2]"
8x16,N004306,N004307,same,0.9759519038076152,True,"(0.9, 1.0]"
8x16,N000884,N011090,different,0.2736549165120593,False,"(0.2, 0.3]"
8x16,N000010,N003634,different,0.0913520097442143,False,"(-0.001, 0.1]"
8x16,N002225,N011649,different,0.1497373029772329,False,"(0.1, 0.2]"
8x16,N001484,N003224,different,0.0819793205317577,False,"(-0.001, 0.1]"
8x16,N008411,N008412,same,0.3327338129496403,False,"(0.3, 0.4]"
8x16,N006804,N010502,different,0.116991643454039,False,"(0.1, 0.2]"
8x16,N009437,N010826,different,0.2679275019700551,False,"(0.2, 0.3]"
8x16,N000335,N007009,different,0.2506887052341597,False,"(0.2, 0.3]"
8x16,N002857,N005654,different,0.2818853974121996,False,"(0.2, 0.3]"
8x16,N000078,N007325,different,0.2183288409703504,False,"(0.2, 0.3]"
8x16,N000864,N005773,different,0.1325600662800331,False,"(0.1, 0.2]"
8x16,N007718,N008135,different,0.2505462490895848,False,"(0.2, 0.3]"
8x16,N006976,N010778,different,0.2959317585301837,False,"(0.2, 0.3]"
8x16,N002774,N011414,different,0.1521335807050092,False,"(0.1, 0.2]"
8x16,N004762,N010111,different,0.3640167364016736,False,"(0.3, 0.4]"
8x16,N003908,N003909,same,0.2212230215827338,False,"(0.2, 0.3]"
8x16,N000664,N000666,same,0.3923337091319053,False,"(0.3, 0.4]"
8x16,N004323,N009954,different,0.1318681318681318,False,"(0.1, 0.2]"
8x16,N010390,N011580,different,0.0972495088408644,False,"(-0.001, 0.1]"
8x16,N004880,N004881,same,0.8894289185905225,True,"(0.8, 0.9]"
8x16,N000818,N006620,different,0.1074870274277242,False,"(0.1, 0.2]"
8x16,N001043,N002862,different,0.162536443148688,False,"(0.1, 0.2]"
8x16,N000640,N011658,different,0.1055099648300117,False,"(0.1, 0.2]"
8x16,N008018,N008676,different,0.0754414125200642,False,"(-0.001, 0.1]"
8x16,N002685,N002686,same,0.4655462184873949,False,"(0.4, 0.5]"
8x16,N000449,N010133,different,0.14540059347181,False,"(0.1, 0.2]"
8x16,N004683,N007002,different,0.0996332518337408,False,"(-0.001, 0.1]"
8x16,N010844,N011602,different,0.1452513966480447,False,"(0.1, 0.2]"
8x16,N002440,N002443,same,0.2863568215892054,False,"(0.2, 0.3]"
8x16,N001357,N003372,different,0.1467473524962178,False,"(0.1, 0.2]"
8x16,N010856,N010857,same,0.6289640591966174,False,"(0.6, 0.7]"
8x16,N005262,N005263,same,0.2835365853658536,False,"(0.2, 0.3]"
8x16,N000070,N004969,different,0.3337571519389701,False,"(0.3, 0.4]"
8x16,N003615,N009126,different,0.3233190271816881,False,"(0.3, 0.4]"
8x16,N003236,N006862,different,0.0861001688238604,False,"(-0.001, 0.1]"
8x16,N001257,N005818,different,0.0948110185778347,False,"(-0.001, 0.1]"
8x16,N001027,N005073,different,0.1403038427167113,False,"(0.1, 0.2]"
8x16,N002169,N011831,different,0.147656940760389,False,"(0.1, 0.2]"
8x16,N002691,N005271,different,0.0987738419618528,False,"(-0.001, 0.1]"
8x16,N005141,N007639,different,0.1379310344827586,False,"(0.1, 0.2]"
8x16,N000675,N005669,different,0.283571915473756,False,"(0.2, 0.3]"
8x16,N005337,N011060,different,0.0707743547044129,False,"(-0.001, 0.1]"
8x16,N001699,N004758,different,0.0945541591861161,False,"(-0.001, 0.1]"
8x16,N007012,N009759,different,0.0990667623833453,False,"(-0.001, 0.1]"
8x16,N004855,N004856,same,0.5973568281938326,False,"(0.5, 0.6]"
8x16,N010491,N010492,same,0.6466666666666666,False,"(0.6, 0.7]"
8x16,N003270,N006319,different,0.0843293492695883,False,"(-0.001, 0.1]"
8x16,N003144,N011859,different,0.31328125,False,"(0.3, 0.4]"
8x16,N000889,N000890,same,0.5994897959183674,False,"(0.5, 0.6]"
8x16,N001432,N001435,same,0.648320895522388,False,"(0.6, 0.7]"
8x16,N008926,N010073,different,0.0964705882352941,False,"(-0.001, 0.1]"
8x16,N006903,N010093,different,0.1134580567290283,False,"(0.1, 0.2]"
8x16,N000486,N000487,same,0.9681647940074908,True,"(0.9, 1.0]"
8x16,N006198,N007366,different,0.0944055944055944,False,"(-0.001, 0.1]"
8x16,N004084,N004085,same,0.6447368421052632,False,"(0.6, 0.7]"
8x16,N007902,N007976,different,0.3400503778337531,False,"(0.3, 0.4]"
8x16,N002019,N002021,same,0.4759229534510433,False,"(0.4, 0.5]"
8x16,N008725,N008728,same,0.6208333333333333,False,"(0.6, 0.7]"
8x16,N001957,N001958,same,0.9729299363057324,True,"(0.9, 1.0]"
8x16,N005497,N008336,different,0.0771331058020477,False,"(-0.001, 0.1]"
8x16,N009301,N009302,same,0.9567901234567902,True,"(0.9, 1.0]"
8x16,N008499,N008952,different,0.184458398744113,False,"(0.1, 0.2]"
8x16,N002300,N003674,different,0.1021711366538952,False,"(0.1, 0.2]"
8x16,N009680,N011001,different,0.0691823899371069,False,"(-0.001, 0.1]"
8x16,N005556,N006568,different,0.0852490421455938,False,"(-0.001, 0.1]"
8x16,N003574,N007121,different,0.1371391076115485,False,"(0.1, 0.2]"
8x16,N004353,N004355,same,0.5606060606060606,False,"(0.5, 0.6]"
8x16,N004438,N004442,same,0.7453505007153076,False,"(0.7, 0.8]"
8x16,N004678,N004680,same,0.845372460496614,True,"(0.8, 0.9]"
8x16,N000056,N009414,different,0.0707417582417582,False,"(-0.001, 0.1]"
8x16,N005365,N009764,different,0.1579335793357933,False,"(0.1, 0.2]"
8x16,N002248,N003503,different,0.1531823085221143,False,"(0.1, 0.2]"
8x16,N010508,N010509,same,0.2839506172839506,False,"(0.2, 0.3]"
8x16,N001817,N007306,different,0.0861850443599493,False,"(-0.001, 0.1]"
8x16,N003274,N007023,different,0.272984441301273,False,"(0.2, 0.3]"
8x16,N005079,N005080,same,0.3261977573904179,False,"(0.3, 0.4]"
8x16,N000591,N011538,different,0.0934579439252336,False,"(-0.001, 0.1]"
8x16,N009925,N010387,different,0.1040627227369921,False,"(0.1, 0.2]"
8x16,N001053,N002186,different,0.1634328358208955,False,"(0.1, 0.2]"
8x16,N008562,N009324,different,0.2786421499292786,False,"(0.2, 0.3]"
8x16,N000250,N003051,different,0.0934933670246367,False,"(-0.001, 0.1]"
8x16,N001525,N001678,different,0.2859237536656892,False,"(0.2, 0.3]"
8x16,N008599,N008602,same,0.4840132304299889,False,"(0.4, 0.5]"
8x16,N003942,N010918,different,0.1376306620209059,False,"(0.1, 0.2]"
8x16,N002513,N007637,different,0.3067649028801071,False,"(0.3, 0.4]"
8x16,N009703,N009705,same,0.4839901477832512,False,"(0.4, 0.5]"
8x16,N004315,N009584,different,0.286231884057971,False,"(0.2, 0.3]"
8x16,N010620,N010621,same,0.9308578745198464,True,"(0.9, 1.0]"
8x16,N008248,N008249,same,0.3384064458370636,False,"(0.3, 0.4]"
8x16,N005222,N005225,same,0.3567961165048544,False,"(0.3, 0.4]"
8x16,N002502,N002505,same,0.9257362355953904,True,"(0.9, 1.0]"
8x16,N006200,N006201,same,0.3536155202821869,False,"(0.3, 0.4]"
8x16,N000217,N002582,different,0.1173498034811903,False,"(0.1, 0.2]"
8x16,N001207,N004094,different,0.2112299465240641,False,"(0.2, 0.3]"
8x16,N005453,N010471,different,0.146613545816733,False,"(0.1, 0.2]"
8x16,N001063,N005024,different,0.1646248085758039,False,"(0.1, 0.2]"
8x16,N000697,N005493,different,0.0663068619892058,False,"(-0.001, 0.1]"
8x16,N003555,N009272,different,0.0793051359516616,False,"(-0.001, 0.1]"
8x16,N005393,N007391,different,0.1392190152801358,False,"(0.1, 0.2]"
8x16,N006121,N009928,different,0.2727272727272727,False,"(0.2, 0.3]"
8x16,N004229,N006064,different,0.0764525993883792,False,"(-0.001, 0.1]"
8x16,N003265,N010005,different,0.2411924119241192,False,"(0.2, 0.3]"
8x16,N007303,N007376,different,0.0827790096082779,False,"(-0.001, 0.1]"
8x16,N005512,N007327,different,0.1870967741935484,False,"(0.1, 0.2]"
8x16,N009065,N011122,different,0.0844947735191637,False,"(-0.001, 0.1]"
8x16,N001376,N001377,same,0.3666369313113292,False,"(0.3, 0.4]"
8x16,N000357,N000359,same,0.6477857878475798,False,"(0.6, 0.7]"
8x16,N008677,N011938,different,0.1724444444444444,False,"(0.1, 0.2]"
8x16,N002197,N002198,same,0.4483159117305458,False,"(0.4, 0.5]"
8x16,N001905,N005873,different,0.3272583201267829,False,"(0.3, 0.4]"
8x16,N007497,N007499,same,0.6117216117216118,False,"(0.6, 0.7]"
8x16,N007334,N007335,same,0.920844327176781,True,"(0.9, 1.0]"
8x16,N002570,N005618,different,0.0920970752955818,False,"(-0.001, 0.1]"
8x16,N001074,N002707,different,0.0903030303030303,False,"(-0.001, 0.1]"
8x16,N003691,N004544,different,0.075098814229249,False,"(-0.001, 0.1]"
8x16,N003415,N008452,different,0.3090252707581227,False,"(0.3, 0.4]"
8x16,N011716,N011717,same,0.9684466019417476,True,"(0.9, 1.0]"
8x16,N001083,N011985,different,0.1822810590631364,False,"(0.1, 0.2]"
8x16,N011499,N011500,same,0.9854166666666668,True,"(0.9, 1.0]"
8x16,N004212,N009766,different,0.2657657657657657,False,"(0.2, 0.3]"
8x16,N002974,N006457,different,0.118141097424412,False,"(0.1, 0.2]"
8x16,N003854,N003855,same,0.601272534464475,False,"(0.6, 0.7]"
8x16,N005378,N005379,same,0.9411111111111112,True,"(0.9, 1.0]"
8x16,N011829,N011830,same,0.9524886877828054,True,"(0.9, 1.0]"
8x16,N005326,N006145,different,0.1395147313691507,False,"(0.1, 0.2]"
8x16,N006145,N006146,same,0.5334796926454446,False,"(0.5, 0.6]"
8x16,N002008,N003498,different,0.1640350877192982,False,"(0.1, 0.2]"
8x16,N010513,N010514,same,0.9177958446251128,True,"(0.9, 1.0]"
8x16,N000443,N006009,different,0.0799050632911392,False,"(-0.001, 0.1]"
8x16,N000043,N000050,same,0.9653937947494032,True,"(0.9, 1.0]"
8x16,N008967,N008968,same,0.2325581395348837,False,"(0.2, 0.3]"
8x16,N002801,N002802,same,0.5607043558850788,False,"(0.5, 0.6]"
8x16,N000119,N009303,different,0.0678353658536585,False,"(-0.001, 0.1]"
8x16,N002058,N002059,same,0.9442190669371197,True,"(0.9, 1.0]"
8x16,N001325,N009136,different,0.127420998980632,False,"(0.1, 0.2]"
8x16,N003642,N009092,different,0.1447236180904522,False,"(0.1, 0.2]"
8x16,N004298,N004299,same,0.9509116409537168,True,"(0.9, 1.0]"
8x16,N007729,N007732,same,0.9693053311793216,True,"(0.9, 1.0]"
8x16,N007652,N008774,different,0.3756805807622504,False,"(0.3, 0.4]"
8x16,N000834,N001578,different,0.0902989627821842,False,"(-0.001, 0.1]"
8x16,N002673,N009844,different,0.2776845637583892,False,"(0.2, 0.3]"
8x16,N003008,N009152,different,0.1383701188455008,False,"(0.1, 0.2]"
8x16,N001326,N001328,same,0.5508021390374331,False,"(0.5, 0.6]"
8x16,N009445,N009562,different,0.4446640316205533,False,"(0.4, 0.5]"
8x16,N005985,N009162,different,0.1014030612244897,False,"(0.1, 0.2]"
8x16,N004071,N004072,same,0.9052631578947368,True,"(0.9, 1.0]"
8x16,N000384,N002019,different,0.0843853820598006,False,"(-0.001, 0.1]"
8x16,N003494,N003495,same,0.1817325800376648,False,"(0.1, 0.2]"
8x16,N005806,N011786,different,0.1144981412639405,False,"(0.1, 0.2]"
8x16,N011420,N011984,different,0.3168812589413448,False,"(0.3, 0.4]"
8x16,N006646,N009384,different,0.0785773366418527,False,"(-0.001, 0.1]"
8x16,N002639,N002640,same,0.8840399002493765,False,"(0.8, 0.9]"
8x16,N006541,N009386,different,0.2901701323251417,False,"(0.2, 0.3]"
8x16,N006760,N008055,different,0.3215712383488682,False,"(0.3, 0.4]"
8x16,N001785,N004629,different,0.2834267413931144,False,"(0.2, 0.3]"
8x16,N000741,N000745,same,0.8818713450292398,True,"(0.8, 0.9]"
8x16,N008186,N009304,different,0.0994542146755609,False,"(-0.001, 0.1]"
8x16,N001323,N006364,different,0.1947368421052631,False,"(0.1, 0.2]"
8x16,N003863,N010008,different,0.1056578050443081,False,"(0.1, 0.2]"
8x16,N000058,N000184,different,0.3255451713395638,False,"(0.3, 0.4]"
8x16,N000412,N004657,different,0.1066176470588235,False,"(0.1, 0.2]"
8x16,N000926,N003644,different,0.3418290854572713,False,"(0.3, 0.4]"
8x16,N004369,N008199,different,0.1718027734976887,False,"(0.1, 0.2]"
8x16,N003450,N006996,different,0.1279439847231063,False,"(0.1, 0.2]"
8x16,N004410,N006730,different,0.0824808184143222,False,"(-0.001, 0.1]"
8x16,N006041,N011988,different,0.0927835051546391,False,"(-0.001, 0.1]"
8x16,N004913,N010317,different,0.1699101796407185,False,"(0.1, 0.2]"
8x16,N007995,N007997,same,0.541371158392435,False,"(0.5, 0.6]"
8x16,N001334,N006274,different,0.1018329938900203,False,"(0.1, 0.2]"
8x16,N004939,N011284,different,0.0746478873239436,False,"(-0.001, 0.1]"
8x16,N005634,N006584,different,0.1384335154826958,False,"(0.1, 0.2]"
8x16,N003301,N003302,same,0.5773508594539939,False,"(0.5, 0.6]"
8x16,N002267,N010375,different,0.153933865450399,False,"(0.1, 0.2]"
8x16,N003158,N007300,different,0.1354632587859424,False,"(0.1, 0.2]"
8x16,N002085,N007988,different,0.1443089430894309,False,"(0.1, 0.2]"
8x16,N001118,N001120,same,0.8758029978586723,True,"(0.8, 0.9]"
8x16,N000030,N006079,different,0.1613832853025936,False,"(0.1, 0.2]"
8x16,N005137,N009628,different,0.1541425818882466,False,"(0.1, 0.2]"
8x16,N004055,N008225,different,0.0862944162436548,False,"(-0.001, 0.1]"
8x16,N001879,N004065,different,0.1063569682151589,False,"(0.1, 0.2]"
8x16,N000486,N011101,different,0.1692307692307692,False,"(0.1, 0.2]"
8x16,N007430,N010330,different,0.3251231527093596,False,"(0.3, 0.4]"
8x16,N006041,N009700,different,0.3222698072805139,False,"(0.3, 0.4]"
8x16,N000297,N003849,different,0.0932260228034875,False,"(-0.001, 0.1]"
8x16,N003611,N007188,different,0.1410138248847926,False,"(0.1, 0.2]"
8x16,N009978,N009979,same,0.4236675700090334,False,"(0.4, 0.5]"
8x16,N001022,N001023,same,0.6022514071294559,False,"(0.6, 0.7]"
8x16,N001629,N005005,different,0.1293051359516616,False,"(0.1, 0.2]"
8x16,N002923,N007247,different,0.0982658959537572,False,"(-0.001, 0.1]"
8x16,N003164,N009587,different,0.1013147718484145,False,"(0.1, 0.2]"
8x16,N006832,N010598,different,0.1131428571428571,False,"(0.1, 0.2]"
8x16,N006511,N006512,same,0.6179673321234119,False,"(0.6, 0.7]"
8x16,N002304,N009060,different,0.086021505376344,False,"(-0.001, 0.1]"
8x16,N002106,N006701,different,0.1584077985377741,False,"(0.1, 0.2]"
8x16,N006856,N006857,same,0.5646651270207852,False,"(0.5, 0.6]"
8x16,N003821,N009085,different,0.3829383886255924,False,"(0.3, 0.4]"
8x16,N004522,N009816,different,0.4218905472636816,False,"(0.4, 0.5]"
8x16,N008514,N008515,same,0.4149043303121853,False,"(0.4, 0.5]"
8x16,N008382,N009718,different,0.078207381370826,False,"(-0.001, 0.1]"
8x16,N005805,N011332,different,0.3608617594254937,False,"(0.3, 0.4]"
8x16,N004216,N004699,different,0.1518867924528301,False,"(0.1, 0.2]"
8x16,N001432,N008873,different,0.2694158075601374,False,"(0.2, 0.3]"
8x16,N002149,N003382,different,0.0749128919860627,False,"(-0.001, 0.1]"
8x16,N004731,N009345,different,0.297808764940239,False,"(0.2, 0.3]"
8x16,N002163,N002307,different,0.2573266619013581,False,"(0.2, 0.3]"
8x16,N002952,N008752,different,0.1619850187265917,False,"(0.1, 0.2]"
8x16,N000745,N005843,different,0.1470588235294117,False,"(0.1, 0.2]"
8x16,N005260,N011019,different,0.0688073394495412,False,"(-0.001, 0.1]"
8x16,N002299,N009882,different,0.0745967741935483,False,"(-0.001, 0.1]"
8x16,N002171,N005867,different,0.1353996737357259,False,"(0.1, 0.2]"
8x16,N005334,N007457,different,0.146218487394958,False,"(0.1, 0.2]"
8x16,N005304,N005305,same,0.8472686733556298,True,"(0.8, 0.9]"
8x16,N005134,N005135,same,0.58469475494411,False,"(0.5, 0.6]"
8x16,N000982,N005390,different,0.1702702702702702,False,"(0.1, 0.2]"
8x16,N002992,N009046,different,0.2917933130699088,False,"(0.2, 0.3]"
8x16,N000628,N000633,same,0.3013856812933025,False,"(0.3, 0.4]"
8x16,N000573,N006170,different,0.0914777169663799,False,"(-0.001, 0.1]"
8x16,N010406,N010408,same,0.865979381443299,False,"(0.8, 0.9]"
8x16,N002446,N002447,same,0.5911799761620977,False,"(0.5, 0.6]"
8x16,N000735,N001335,different,0.3309061488673139,False,"(0.3, 0.4]"
8x16,N008238,N011480,different,0.2698548249359522,False,"(0.2, 0.3]"
8x16,N000321,N000443,different,0.0769903762029746,False,"(-0.001, 0.1]"
8x16,N007541,N007546,same,0.2680890538033395,False,"(0.2, 0.3]"
8x16,N002683,N007848,different,0.0800299177262528,False,"(-0.001, 0.1]"
8x16,N009983,N009985,same,0.2240943555181128,False,"(0.2, 0.3]"
8x16,N007568,N007570,same,0.4042328042328042,False,"(0.4, 0.5]"
8x16,N005448,N005962,different,0.1550855991943605,False,"(0.1, 0.2]"
8x16,N004767,N004768,same,0.8966165413533834,True,"(0.8, 0.9]"
8x16,N007023,N007916,different,0.264367816091954,False,"(0.2, 0.3]"
8x16,N000315,N000316,same,0.5152792413066386,False,"(0.5, 0.6]"
8x16,N001578,N002947,different,0.0990783410138248,False,"(-0.001, 0.1]"
8x16,N009857,N010711,different,0.1628113879003558,False,"(0.1, 0.2]"
8x16,N002290,N003634,different,0.3151476251604621,False,"(0.3, 0.4]"
8x16,N011438,N011440,same,0.6128668171557562,False,"(0.6, 0.7]"
8x16,N010035,N011646,different,0.2261580381471389,False,"(0.2, 0.3]"
8x16,N001295,N001296,same,0.6030444964871194,False,"(0.6, 0.7]"
8x16,N005825,N010265,different,0.1471861471861472,False,"(0.1, 0.2]"
8x16,N002351,N005508,different,0.2903663500678426,False,"(0.2, 0.3]"
8x16,N011075,N011077,same,0.938132733408324,True,"(0.9, 1.0]"
8x16,N011335,N011336,same,0.3637236084452975,False,"(0.3, 0.4]"
8x16,N000514,N011152,different,0.2706422018348624,False,"(0.2, 0.3]"
8x16,N010762,N010766,same,0.9164648910411622,False,"(0.9, 1.0]"
8x16,N001314,N003288,different,0.3101514301738642,False,"(0.3, 0.4]"
8x16,N001403,N001405,same,0.192573402417962,False,"(0.1, 0.2]"
8x16,N010389,N010391,same,0.8149556400506971,True,"(0.8, 0.9]"
8x16,N001258,N001261,same,0.8403263403263403,False,"(0.8, 0.9]"
8x16,N003574,N011053,different,0.2737611697806661,False,"(0.2, 0.3]"
8x16,N001484,N005371,different,0.2489051094890511,False,"(0.2, 0.3]"
8x16,N005426,N005427,same,0.9184027777777778,True,"(0.9, 1.0]"
8x16,N008443,N010211,different,0.1024165707710011,False,"(0.1, 0.2]"
8x16,N005517,N011613,different,0.0772532188841201,False,"(-0.001, 0.1]"
8x16,N005828,N010514,different,0.0763660302830809,False,"(-0.001, 0.1]"
8x16,N011154,N011156,same,0.6429170159262364,False,"(0.6, 0.7]"
8x16,N002595,N003310,different,0.1440501043841336,False,"(0.1, 0.2]"
8x16,N008630,N011336,different,0.3806509945750452,False,"(0.3, 0.4]"
8x16,N004951,N008794,different,0.2469135802469135,False,"(0.2, 0.3]"
8x16,N000391,N004186,different,0.2969215491559086,False,"(0.2, 0.3]"
8x16,N000166,N008677,different,0.1575282854656222,False,"(0.1, 0.2]"
8x16,N009154,N011317,different,0.1643598615916955,False,"(0.1, 0.2]"
8x16,N002589,N009612,different,0.2868068833652007,False,"(0.2, 0.3]"
8x16,N008268,N009916,different,0.2641509433962264,False,"(0.2, 0.3]"
8x16,N002316,N002317,same,0.4533648170011806,False,"(0.4, 0.5]"
8x16,N006596,N011033,different,0.0980113636363636,False,"(-0.001, 0.1]"
8x16,N010106,N010107,same,0.3946053946053946,False,"(0.3, 0.4]"
8x16,N008409,N008410,same,0.9393939393939394,True,"(0.9, 1.0]"
8x16,N001937,N007430,different,0.3319570602807597,False,"(0.3, 0.4]"
8x16,N000078,N006886,different,0.201058201058201,False,"(0.2, 0.3]"
8x16,N010999,N011001,same,0.291932059447983,False,"(0.2, 0.3]"
8x16,N001357,N010788,different,0.1478599221789883,False,"(0.1, 0.2]"
8x16,N000906,N011149,different,0.178021978021978,False,"(0.1, 0.2]"
8x16,N003435,N009318,different,0.1772053083528493,False,"(0.1, 0.2]"
8x16,N002916,N004445,different,0.1953125,False,"(0.1, 0.2]"
8x16,N003770,N011367,different,0.1791907514450867,False,"(0.1, 0.2]"
8x16,N010980,N010981,same,0.6417157275021026,False,"(0.6, 0.7]"
8x16,N005040,N005041,same,0.8434504792332268,True,"(0.8, 0.9]"
8x16,N008937,N008938,same,0.2071197411003236,False,"(0.2, 0.3]"
8x16,N002071,N006588,different,0.1064327485380117,False,"(0.1, 0.2]"
8x16,N010261,N011914,different,0.3001336898395721,False,"(0.3, 0.4]"
8x16,N000670,N000671,same,0.8675914249684742,True,"(0.8, 0.9]"
8x16,N000489,N007029,different,0.2322404371584699,False,"(0.2, 0.3]"
8x16,N007633,N010942,different,0.1265923566878981,False,"(0.1, 0.2]"
8x16,N005243,N006569,different,0.0957015409570154,False,"(-0.001, 0.1]"
8x16,N001083,N001567,different,0.1455576559546313,False,"(0.1, 0.2]"
8x16,N000282,N006591,different,0.1393786733837111,False,"(0.1, 0.2]"
8x16,N003362,N003364,same,0.9809825673534072,True,"(0.9, 1.0]"
8x16,N005927,N008816,different,0.351423487544484,False,"(0.3, 0.4]"
8x16,N001289,N001291,same,0.2361769352290679,False,"(0.2, 0.3]"
8x16,N005231,N005232,same,0.8878504672897196,True,"(0.8, 0.9]"
8x16,N003835,N003837,same,0.6961471103327496,False,"(0.6, 0.7]"
8x16,N004167,N005115,different,0.3166815343443354,False,"(0.3, 0.4]"
8x16,N002040,N003281,different,0.1557507987220447,False,"(0.1, 0.2]"
8x16,N002605,N010853,different,0.3170234454638124,False,"(0.3, 0.4]"
8x16,N011139,N011793,different,0.0953488372093023,False,"(-0.001, 0.1]"
8x16,N001458,N002506,different,0.1344860710854947,False,"(0.1, 0.2]"
8x16,N007148,N011853,different,0.3504482477587612,False,"(0.3, 0.4]"
8x16,N001791,N008583,different,0.2777300085984522,False,"(0.2, 0.3]"
8x16,N008993,N008995,same,0.8443804034582133,False,"(0.8, 0.9]"
8x16,N004043,N004218,different,0.2573839662447257,False,"(0.2, 0.3]"
8x16,N011601,N011603,same,0.8507462686567164,False,"(0.8, 0.9]"
8x16,N002945,N010292,different,0.1202860858257477,False,"(0.1, 0.2]"
8x16,N006385,N011130,different,0.2685765443151298,False,"(0.2, 0.3]"
8x16,N006764,N009477,different,0.2910521140609636,False,"(0.2, 0.3]"
8x16,N004409,N011892,different,0.1442369607211848,False,"(0.1, 0.2]"
8x16,N000023,N002700,different,0.2498054474708171,False,"(0.2, 0.3]"
8x16,N001669,N003264,different,0.1483126110124334,False,"(0.1, 0.2]"
8x16,N002831,N008460,different,0.0958429561200923,False,"(-0.001, 0.1]"
8x16,N004184,N005163,different,0.0921985815602836,False,"(-0.001, 0.1]"
8x16,N009665,N011482,different,0.0640050697084917,False,"(-0.001, 0.1]"
8x16,N000340,N009553,different,0.0751488095238095,False,"(-0.001, 0.1]"
8x16,N002043,N008828,different,0.1391880695940348,False,"(0.1, 0.2]"
8x16,N003466,N003469,same,0.5807086614173228,False,"(0.5, 0.6]"
8x16,N005064,N005067,same,0.6571691176470589,False,"(0.6, 0.7]"
8x16,N000030,N007467,different,0.1510204081632653,False,"(0.1, 0.2]"
8x16,N011900,N011901,same,0.530239099859353,False,"(0.5, 0.6]"
8x16,N006901,N008943,different,0.1622992392223161,False,"(0.1, 0.2]"
8x16,N003415,N005750,different,0.0863531225905936,False,"(-0.001, 0.1]"
8x16,N005350,N005352,same,0.3311688311688311,False,"(0.3, 0.4]"
8x16,N007614,N008823,different,0.0955710955710955,False,"(-0.001, 0.1]"
8x16,N004333,N008255,different,0.1396895787139689,False,"(0.1, 0.2]"
8x16,N009495,N009521,different,0.0991735537190082,False,"(-0.001, 0.1]"
8x16,N006462,N006463,same,0.9388264669163544,True,"(0.9, 1.0]"
8x16,N001629,N008262,different,0.1915584415584415,False,"(0.1, 0.2]"
8x16,N002516,N010795,different,0.1689933872152828,False,"(0.1, 0.2]"
8x16,N006622,N006623,same,0.7379912663755459,False,"(0.7, 0.8]"
8x16,N010081,N010082,same,0.6568386568386568,False,"(0.6, 0.7]"
8x16,N007560,N007561,same,0.5814634146341463,False,"(0.5, 0.6]"
8x16,N005941,N006998,different,0.3558875219683655,False,"(0.3, 0.4]"
8x16,N004062,N004438,different,0.1415384615384615,False,"(0.1, 0.2]"
8x16,N000990,N002973,different,0.084899546338302,False,"(-0.001, 0.1]"
8x16,N008321,N008641,different,0.2898172323759791,False,"(0.2, 0.3]"
8x16,N008561,N008562,same,0.6104910714285714,False,"(0.6, 0.7]"
8x16,N001360,N001361,same,0.9364791288566244,True,"(0.9, 1.0]"
8x16,N008993,N008994,same,0.9569230769230768,True,"(0.9, 1.0]"
8x16,N005108,N005109,same,0.6783018867924528,False,"(0.6, 0.7]"
8x16,N001983,N001984,same,0.5324189526184538,False,"(0.5, 0.6]"
8x16,N006038,N009049,different,0.0978613091380427,False,"(-0.001, 0.1]"
8x16,N001413,N007076,different,0.1462383770076077,False,"(0.1, 0.2]"
8x16,N005772,N005776,same,0.28125,False,"(0.2, 0.3]"
8x16,N000237,N009075,different,0.289278489548213,False,"(0.2, 0.3]"
8x16,N011043,N011048,same,0.2190812720848056,False,"(0.2, 0.3]"
8x16,N004742,N006981,different,0.1411764705882353,False,"(0.1, 0.2]"
8x16,N004801,N004802,same,0.5285565939771547,False,"(0.5, 0.6]"
8x16,N003994,N003995,same,0.1904427266338721,False,"(0.1, 0.2]"
8x16,N000643,N009675,different,0.3375104427736006,False,"(0.3, 0.4]"
8x16,N006086,N006087,same,0.8858131487889274,True,"(0.8, 0.9]"
8x16,N000266,N010102,different,0.1803444782168186,False,"(0.1, 0.2]"
8x16,N005028,N009701,different,0.1790055248618784,False,"(0.1, 0.2]"
8x16,N009670,N009671,same,0.8648068669527897,False,"(0.8, 0.9]"
8x16,N001005,N001804,different,0.3295910184442662,False,"(0.3, 0.4]"
8x16,N005314,N010609,different,0.3155248271527341,False,"(0.3, 0.4]"
8x16,N000417,N000419,same,0.8974630021141649,True,"(0.8, 0.9]"
8x16,N011041,N011048,same,0.2029702970297029,False,"(0.2, 0.3]"
8x16,N000992,N001435,different,0.1458333333333333,False,"(0.1, 0.2]"
8x16,N004107,N008166,different,0.0949968334388853,False,"(-0.001, 0.1]"
8x16,N002590,N002591,same,0.9096638655462184,True,"(0.9, 1.0]"
8x16,N005119,N005121,same,0.6189989785495403,False,"(0.6, 0.7]"
8x16,N002826,N007185,different,0.0813782991202346,False,"(-0.001, 0.1]"
8x16,N009349,N009350,same,0.8160112359550562,True,"(0.8, 0.9]"
8x16,N003121,N005007,different,0.0815394651011089,False,"(-0.001, 0.1]"
8x16,N002947,N003566,different,0.0623249299719887,False,"(-0.001, 0.1]"
8x16,N000485,N000488,same,0.7495987158908507,False,"(0.7, 0.8]"
8x16,N004349,N011691,different,0.3185454545454545,False,"(0.3, 0.4]"
8x16,N011281,N011282,same,0.6614785992217899,False,"(0.6, 0.7]"
8x16,N003865,N009372,different,0.1059907834101382,False,"(0.1, 0.2]"
8x16,N001198,N010109,different,0.2690553745928338,False,"(0.2, 0.3]"
8x16,N011975,N011976,same,0.5850178359096314,False,"(0.5, 0.6]"
8x16,N006419,N007183,different,0.0772818121252498,False,"(-0.001, 0.1]"
8x16,N010407,N010605,different,0.1515151515151515,False,"(0.1, 0.2]"
8x16,N009079,N010570,different,0.3605042016806722,False,"(0.3, 0.4]"
8x16,N001415,N006560,different,0.2685258964143426,False,"(0.2, 0.3]"
8x16,N001653,N001654,same,0.5543735224586288,False,"(0.5, 0.6]"
8x16,N003355,N003823,different,0.0769230769230769,False,"(-0.001, 0.1]"
8x16,N000355,N005276,different,0.26412092283214,False,"(0.2, 0.3]"
8x16,N007573,N007574,same,0.3570110701107011,False,"(0.3, 0.4]"
8x16,N007999,N008002,same,0.9117199391171994,True,"(0.9, 1.0]"
8x16,N007057,N010814,different,0.0668073136427566,False,"(-0.001, 0.1]"
8x16,N000264,N009708,different,0.2144772117962466,False,"(0.2, 0.3]"
8x16,N008825,N008828,same,0.5317982456140351,False,"(0.5, 0.6]"
8x16,N001284,N006893,different,0.1234298197706171,False,"(0.1, 0.2]"
8x16,N011033,N011035,same,0.9331243469174504,True,"(0.9, 1.0]"
8x16,N004348,N004349,same,0.4239244491080797,False,"(0.4, 0.5]"
8x16,N004177,N010930,different,0.1464566929133858,False,"(0.1, 0.2]"
8x16,N003845,N003847,same,0.6045454545454545,False,"(0.6, 0.7]"
8x16,N004106,N004107,same,0.2232854864433811,False,"(0.2, 0.3]"
8x16,N007911,N009413,different,0.1477024070021881,False,"(0.1, 0.2]"
8x16,N001010,N001011,same,0.276456111566858,False,"(0.2, 0.3]"
8x16,N009213,N010572,different,0.1050818260120585,False,"(0.1, 0.2]"
8x16,N006364,N006366,same,0.2250879249706917,False,"(0.2, 0.3]"
8x16,N001447,N003703,different,0.1397306397306397,False,"(0.1, 0.2]"
8x16,N009727,N010185,different,0.0970654627539503,False,"(-0.001, 0.1]"
8x16,N000605,N002652,different,0.1330724070450097,False,"(0.1, 0.2]"
8x16,N004016,N004017,same,0.2031578947368421,False,"(0.2, 0.3]"
8x16,N010689,N011576,different,0.0894886363636363,False,"(-0.001, 0.1]"
8x16,N001733,N001734,same,0.6893787575150301,False,"(0.6, 0.7]"
8x16,N004845,N007461,different,0.0921630094043887,False,"(-0.001, 0.1]"
8x16,N010880,N010881,same,0.8031400966183575,False,"(0.8, 0.9]"
8x16,N000498,N001176,different,0.1601005867560771,False,"(0.1, 0.2]"
8x16,N001285,N003729,different,0.1102484472049689,False,"(0.1, 0.2]"
8x16,N006173,N008196,different,0.14765625,False,"(0.1, 0.2]"
8x16,N008110,N009707,different,0.3269372693726937,False,"(0.3, 0.4]"
8x16,N007193,N010619,different,0.368075117370892,False,"(0.3, 0.4]"
8x16,N000561,N003679,different,0.323671497584541,False,"(0.3, 0.4]"
8x16,N003026,N003027,same,0.5643678160919541,False,"(0.5, 0.6]"
8x16,N004552,N004553,same,0.6983523447401775,False,"(0.6, 0.7]"
8x16,N007647,N009169,different,0.3389687235841082,False,"(0.3, 0.4]"
8x16,N005744,N010823,different,0.2867647058823529,False,"(0.2, 0.3]"
8x16,N001880,N002772,different,0.0958445040214477,False,"(-0.001, 0.1]"
8x16,N003351,N006982,different,0.1141998497370398,False,"(0.1, 0.2]"
8x16,N006591,N011935,different,0.1929555895865237,False,"(0.1, 0.2]"
8x16,N008482,N010584,different,0.1490196078431372,False,"(0.1, 0.2]"
8x16,N005814,N006544,different,0.0801603206412825,False,"(-0.001, 0.1]"
8x16,N006622,N006638,different,0.0906921241050119,False,"(-0.001, 0.1]"
8x16,N008603,N010598,different,0.0956123117223313,False,"(-0.001, 0.1]"
8x16,N000753,N000755,same,0.8480603448275862,True,"(0.8, 0.9]"
8x16,N006153,N009437,different,0.3043110735418428,False,"(0.3, 0.4]"
8x16,N002548,N010207,different,0.2938829787234042,False,"(0.2, 0.3]"
8x16,N004026,N010431,different,0.1547518923465096,False,"(0.1, 0.2]"
8x16,N000339,N002440,different,0.1505483549351944,False,"(0.1, 0.2]"
8x16,N000964,N008611,different,0.2659323367427222,False,"(0.2, 0.3]"
8x16,N001833,N004195,different,0.3014037985136251,False,"(0.3, 0.4]"
8x16,N001282,N004950,different,0.0784574468085106,False,"(-0.001, 0.1]"
8x16,N000030,N009868,different,0.1555755395683453,False,"(0.1, 0.2]"
8x16,N001010,N004708,different,0.3507030603804797,False,"(0.3, 0.4]"
8x16,N000566,N008517,different,0.1011804384485666,False,"(0.1, 0.2]"
8x16,N011092,N011095,same,0.6663755458515284,False,"(0.6, 0.7]"
8x16,N001983,N009014,different,0.1359918200408998,False,"(0.1, 0.2]"
8x16,N005044,N005045,same,0.9210526315789472,True,"(0.9, 1.0]"
8x16,N003201,N003203,same,0.9783549783549784,True,"(0.9, 1.0]"
8x16,N000238,N001915,different,0.1671469740634005,False,"(0.1, 0.2]"
8x16,N000461,N004754,different,0.3898635477582846,False,"(0.3, 0.4]"
8x16,N000135,N010890,different,0.0812591508052708,False,"(-0.001, 0.1]"
8x16,N011414,N011759,different,0.1572398190045248,False,"(0.1, 0.2]"
8x16,N003751,N007825,different,0.1239669421487603,False,"(0.1, 0.2]"
8x16,N006774,N009531,different,0.3891625615763547,False,"(0.3, 0.4]"
8x16,N000516,N006620,different,0.1325301204819277,False,"(0.1, 0.2]"
8x16,N004325,N004949,different,0.15234375,False,"(0.1, 0.2]"
8x16,N000557,N004353,different,0.1445993031358885,False,"(0.1, 0.2]"
8x16,N000286,N008208,different,0.3361823361823361,False,"(0.3, 0.4]"
8x16,N002691,N010535,different,0.3512682551883166,False,"(0.3, 0.4]"
8x16,N000490,N006570,different,0.2663204747774481,False,"(0.2, 0.3]"
8x16,N005692,N009368,different,0.085691823899371,False,"(-0.001, 0.1]"
8x16,N006324,N006325,same,0.5694945848375451,False,"(0.5, 0.6]"
8x16,N004951,N011682,different,0.2740094022834117,False,"(0.2, 0.3]"
8x16,N010982,N010985,same,0.6229187071498531,False,"(0.6, 0.7]"
8x16,N009834,N009835,same,0.499348109517601,False,"(0.4, 0.5]"
8x16,N003500,N003501,same,0.6286644951140065,False,"(0.6, 0.7]"
8x16,N010499,N011269,different,0.0714285714285714,False,"(-0.001, 0.1]"
8x16,N005257,N010502,different,0.0915619389587073,False,"(-0.001, 0.1]"
8x16,N003920,N006487,different,0.1234177215189873,False,"(0.1, 0.2]"
8x16,N011834,N011835,same,0.8736842105263158,False,"(0.8, 0.9]"
8x16,N004364,N007454,different,0.1157613535173642,False,"(0.1, 0.2]"
8x16,N004158,N008744,different,0.1572212065813528,False,"(0.1, 0.2]"
8x16,N005771,N006045,different,0.0828351836037574,False,"(-0.001, 0.1]"
8x16,N001865,N011525,different,0.1589506172839506,False,"(0.1, 0.2]"
8x16,N001362,N001363,same,0.2083333333333333,False,"(0.2, 0.3]"
8x16,N009863,N009866,same,0.280248190279214,False,"(0.2, 0.3]"
8x16,N000175,N002508,different,0.1800573888091822,False,"(0.1, 0.2]"
8x16,N006545,N006546,same,0.6821561338289963,False,"(0.6, 0.7]"
8x16,N000215,N005986,different,0.3366583541147132,False,"(0.3, 0.4]"
8x16,N004433,N011613,different,0.085079365079365,False,"(-0.001, 0.1]"
8x16,N000064,N010912,different,0.0785478547854785,False,"(-0.001, 0.1]"
8x16,N008572,N009975,different,0.1344086021505376,False,"(0.1, 0.2]"
8x16,N000431,N001948,different,0.1157742402315484,False,"(0.1, 0.2]"
8x16,N002598,N004139,different,0.1470349309504467,False,"(0.1, 0.2]"
8x16,N007063,N007064,same,0.6487046632124353,False,"(0.6, 0.7]"
8x16,N008238,N008239,same,0.6111685625646329,False,"(0.6, 0.7]"
8x16,N000518,N009485,different,0.0629084967320261,False,"(-0.001, 0.1]"
8x16,N003093,N003735,different,0.0844529750479846,False,"(-0.001, 0.1]"
8x16,N001977,N007620,different,0.0846297448662103,False,"(-0.001, 0.1]"
8x16,N009205,N009208,same,0.3792434529582929,False,"(0.3, 0.4]"
8x16,N003317,N010218,different,0.1335740072202166,False,"(0.1, 0.2]"
8x16,N006112,N006266,different,0.0989232839838492,False,"(-0.001, 0.1]"
8x16,N003208,N003758,different,0.110684580934101,False,"(0.1, 0.2]"
8x16,N008188,N008190,same,0.9590747330960854,True,"(0.9, 1.0]"
8x16,N003051,N011987,different,0.0884955752212389,False,"(-0.001, 0.1]"
8x16,N001446,N004867,different,0.1058738216098622,False,"(0.1, 0.2]"
8x16,N000895,N009304,different,0.3308270676691729,False,"(0.3, 0.4]"
8x16,N000161,N010769,different,0.0740992522093813,False,"(-0.001, 0.1]"
8x16,N003327,N003328,same,0.6176470588235294,False,"(0.6, 0.7]"
8x16,N008176,N010603,different,0.0986582478295185,False,"(-0.001, 0.1]"
8x16,N001633,N001634,same,0.285921625544267,False,"(0.2, 0.3]"
8x16,N004001,N007546,different,0.4297297297297297,False,"(0.4, 0.5]"
8x16,N000937,N000938,same,0.5021834061135371,False,"(0.5, 0.6]"
8x16,N008048,N008050,same,0.9325551232166018,True,"(0.9, 1.0]"
8x16,N004328,N008917,different,0.1522222222222222,False,"(0.1, 0.2]"
8x16,N004757,N008828,different,0.1517367458866544,False,"(0.1, 0.2]"
8x16,N005397,N005398,same,0.2808290155440414,False,"(0.2, 0.3]"
8x16,N001291,N007292,different,0.1559909570459683,False,"(0.1, 0.2]"
8x16,N007205,N007207,same,0.985358711566618,True,"(0.9, 1.0]"
8x16,N002229,N011361,different,0.3763066202090592,False,"(0.3, 0.4]"
8x16,N005375,N005716,different,0.0989819004524886,False,"(-0.001, 0.1]"
8x16,N002758,N002818,different,0.1445086705202312,False,"(0.1, 0.2]"
8x16,N009564,N011151,different,0.3139890042761148,False,"(0.3, 0.4]"
8x16,N008487,N008488,same,0.8970380818053597,True,"(0.8, 0.9]"
8x16,N007856,N007858,same,0.5937873357228196,False,"(0.5, 0.6]"
8x16,N000647,N001025,different,0.086284610431423,False,"(-0.001, 0.1]"
8x16,N003489,N010336,different,0.1485249237029501,False,"(0.1, 0.2]"
8x16,N000327,N009318,different,0.1621621621621621,False,"(0.1, 0.2]"
8x16,N005431,N006150,different,0.1001990710019907,False,"(0.1, 0.2]"
8x16,N002684,N004549,different,0.0852309694209499,False,"(-0.001, 0.1]"
8x16,N005744,N007062,different,0.080028328611898,False,"(-0.001, 0.1]"
8x16,N004248,N011184,different,0.1342828077314344,False,"(0.1, 0.2]"
8x16,N003020,N003021,same,0.3939393939393939,False,"(0.3, 0.4]"
8x16,N000160,N003947,different,0.1815980629539951,False,"(0.1, 0.2]"
8x16,N006712,N008335,different,0.1577928363988383,False,"(0.1, 0.2]"
8x16,N000843,N005365,different,0.1390274314214463,False,"(0.1, 0.2]"
8x16,N011628,N011629,same,0.2601449275362318,False,"(0.2, 0.3]"
8x16,N000026,N011332,different,0.3570391872278665,False,"(0.3, 0.4]"
8x16,N003058,N009240,different,0.1333333333333333,False,"(0.1, 0.2]"
8x16,N000396,N000397,same,0.3152920962199312,False,"(0.3, 0.4]"
8x16,N006146,N006401,different,0.094521372667068,False,"(-0.001, 0.1]"
8x16,N007004,N011967,different,0.1545643153526971,False,"(0.1, 0.2]"
8x16,N002229,N002230,same,0.3728029602220166,False,"(0.3, 0.4]"
8x16,N002088,N011862,different,0.2764084507042254,False,"(0.2, 0.3]"
8x16,N004709,N004711,same,0.9244444444444444,True,"(0.9, 1.0]"
8x16,N001940,N002621,different,0.1055099648300117,False,"(0.1, 0.2]"
8x16,N004803,N004804,same,0.841091492776886,True,"(0.8, 0.9]"
8x16,N003748,N011207,different,0.0830924855491329,False,"(-0.001, 0.1]"
8x16,N001623,N010411,different,0.0740169622205088,False,"(-0.001, 0.1]"
8x16,N002821,N007053,different,0.2627627627627628,False,"(0.2, 0.3]"
8x16,N001977,N006802,different,0.3533434650455927,False,"(0.3, 0.4]"
8x16,N000993,N011320,different,0.1631912964641886,False,"(0.1, 0.2]"
8x16,N008784,N011076,different,0.3138479001135074,False,"(0.3, 0.4]"
8x16,N001137,N005072,different,0.1214488636363636,False,"(0.1, 0.2]"
8x16,N007487,N007491,same,0.4421437271619975,False,"(0.4, 0.5]"
8x16,N002401,N005487,different,0.1476793248945147,False,"(0.1, 0.2]"
8x16,N001101,N002086,different,0.1072625698324022,False,"(0.1, 0.2]"
8x16,N004655,N010935,different,0.3268456375838926,False,"(0.3, 0.4]"
8x16,N004085,N004086,same,0.8783943329397875,True,"(0.8, 0.9]"
8x16,N003125,N003127,same,0.8840399002493765,False,"(0.8, 0.9]"
8x16,N001101,N001666,different,0.1078184110970996,False,"(0.1, 0.2]"
8x16,N001141,N001142,same,0.2220956719817767,False,"(0.2, 0.3]"
8x16,N006480,N008863,different,0.0788423153692614,False,"(-0.001, 0.1]"
8x16,N000817,N011666,different,0.2837370242214533,False,"(0.2, 0.3]"
8x16,N000219,N003185,different,0.1503215434083601,False,"(0.1, 0.2]"
8x16,N001988,N006863,different,0.1072925398155909,False,"(0.1, 0.2]"
8x16,N009478,N009479,same,0.622093023255814,False,"(0.6, 0.7]"
8x16,N001784,N005288,different,0.0949806949806949,False,"(-0.001, 0.1]"
8x16,N001436,N002155,different,0.06843853820598,False,"(-0.001, 0.1]"
8x16,N006423,N011777,different,0.1448066717210007,False,"(0.1, 0.2]"
8x16,N006565,N006569,same,0.272189349112426,False,"(0.2, 0.3]"
8x16,N003427,N006396,different,0.1789473684210526,False,"(0.1, 0.2]"
8x16,N009745,N009848,different,0.3070866141732283,False,"(0.3, 0.4]"
8x16,N002762,N002765,same,0.6002202643171806,False,"(0.6, 0.7]"
8x16,N000065,N000124,different,0.1021437578814628,False,"(0.1, 0.2]"
8x16,N001140,N008945,different,0.1195198329853862,False,"(0.1, 0.2]"
8x16,N002973,N002974,same,0.7129455909943715,False,"(0.7, 0.8]"
8x16,N006774,N006775,same,0.3181818181818182,False,"(0.3, 0.4]"
8x16,N011429,N011433,same,0.5985853227232537,False,"(0.5, 0.6]"
8x16,N009822,N009823,same,0.2852729145211122,False,"(0.2, 0.3]"
8x16,N009371,N009372,same,0.625,False,"(0.6, 0.7]"
8x16,N001006,N009138,different,0.2263157894736842,False,"(0.2, 0.3]"
8x16,N000723,N009281,different,0.0880195599022004,False,"(-0.001, 0.1]"
8x16,N000259,N003124,different,0.1635311143270622,False,"(0.1, 0.2]"
8x16,N002544,N002792,different,0.3598360655737705,False,"(0.3, 0.4]"
8x16,N002931,N008664,different,0.2419354838709677,False,"(0.2, 0.3]"
8x16,N000990,N002132,different,0.2771699489423778,False,"(0.2, 0.3]"
8x16,N005946,N007449,different,0.1117678667383127,False,"(0.1, 0.2]"
8x16,N004307,N010960,different,0.1471984805318138,False,"(0.1, 0.2]"
8x16,N005835,N008645,different,0.3813084112149533,False,"(0.3, 0.4]"
8x16,N001422,N004687,different,0.2548476454293629,False,"(0.2, 0.3]"
8x16,N007233,N007728,different,0.0721997300944669,False,"(-0.001, 0.1]"
8x16,N009592,N009782,different,0.1672,False,"(0.1, 0.2]"
8x16,N011533,N011534,same,0.5235803657362849,False,"(0.5, 0.6]"
8x16,N005300,N005301,same,0.9293044469783353,True,"(0.9, 1.0]"
8x16,N005855,N007938,different,0.1415384615384615,False,"(0.1, 0.2]"
8x16,N007921,N007922,same,0.5435244161358811,False,"(0.5, 0.6]"
8x16,N001521,N006976,different,0.2919605077574048,False,"(0.2, 0.3]"
8x16,N000725,N008406,different,0.2877094972067039,False,"(0.2, 0.3]"
8x16,N004174,N006820,different,0.1487481590574374,False,"(0.1, 0.2]"
8x16,N000607,N004665,different,0.1477170993733214,False,"(0.1, 0.2]"
8x16,N003228,N006079,different,0.1407942238267148,False,"(0.1, 0.2]"
8x16,N010506,N010507,same,0.5048231511254019,False,"(0.5, 0.6]"
8x16,N010699,N010700,same,0.527363184079602,False,"(0.5, 0.6]"
8x16,N001185,N004181,different,0.2413509060955519,False,"(0.2, 0.3]"
8x16,N005027,N005028,same,0.9024767801857584,False,"(0.9, 1.0]"
8x16,N001758,N009092,different,0.1349557522123893,False,"(0.1, 0.2]"
8x16,N002928,N003582,different,0.0769716088328075,False,"(-0.001, 0.1]"
8x16,N003050,N008741,different,0.3537300922045264,False,"(0.3, 0.4]"
8x16,N004158,N011487,different,0.1392045454545454,False,"(0.1, 0.2]"
8x16,N000139,N007621,different,0.1408582089552238,False,"(0.1, 0.2]"
8x16,N007036,N007038,same,0.3094098883572568,False,"(0.3, 0.4]"
8x16,N002201,N002648,different,0.1412056151940545,False,"(0.1, 0.2]"
8x16,N000003,N000843,different,0.3449074074074074,False,"(0.3, 0.4]"
8x16,N007190,N008966,different,0.1497277676950998,False,"(0.1, 0.2]"
8x16,N010033,N010034,same,0.9582712369597616,True,"(0.9, 1.0]"
8x16,N005989,N005990,same,0.5709057639524245,False,"(0.5, 0.6]"
8x16,N002242,N004023,different,0.134,False,"(0.1, 0.2]"
8x16,N000443,N004578,different,0.0691624365482233,False,"(-0.001, 0.1]"
8x16,N005743,N005744,same,0.3746283448959365,False,"(0.3, 0.4]"
8x16,N003903,N006662,different,0.0873124147339699,False,"(-0.001, 0.1]"
8x16,N011033,N011036,same,0.5340572556762093,False,"(0.5, 0.6]"
8x16,N006643,N006644,same,0.3333333333333333,False,"(0.3, 0.4]"
8x16,N003720,N006775,different,0.2016348773841962,False,"(0.2, 0.3]"
8x16,N003418,N007053,different,0.1395193591455273,False,"(0.1, 0.2]"
8x16,N003804,N005139,different,0.1006389776357827,False,"(0.1, 0.2]"
8x16,N002540,N007668,different,0.0836261419536191,False,"(-0.001, 0.1]"
8x16,N008366,N008369,same,0.8988529718456726,True,"(0.8, 0.9]"
8x16,N010742,N010743,same,0.5047418335089568,False,"(0.5, 0.6]"
8x16,N004746,N004760,different,0.1681005956320317,False,"(0.1, 0.2]"
8x16,N007368,N009303,different,0.2859574468085106,False,"(0.2, 0.3]"
8x16,N007396,N007397,same,0.9009433962264152,True,"(0.9, 1.0]"
8x16,N001143,N009969,different,0.2577235772357724,False,"(0.2, 0.3]"
8x16,N002468,N002469,same,0.9352869352869352,True,"(0.9, 1.0]"
8x16,N007220,N011663,different,0.1265646731571627,False,"(0.1, 0.2]"
8x16,N005926,N007181,different,0.1407471763683753,False,"(0.1, 0.2]"
8x16,N003437,N005168,different,0.0696721311475409,False,"(-0.001, 0.1]"
8x16,N000355,N000372,different,0.1086691086691086,False,"(0.1, 0.2]"
8x16,N010682,N010683,same,0.935093509350935,True,"(0.9, 1.0]"
8x16,N004567,N008956,different,0.1710193765796124,False,"(0.1, 0.2]"
8x16,N008093,N008094,same,0.3982947624847747,False,"(0.3, 0.4]"
8x16,N004447,N004449,same,0.3492063492063492,False,"(0.3, 0.4]"
8x16,N001475,N004007,different,0.1066387872451646,False,"(0.1, 0.2]"
8x16,N001138,N009030,different,0.0905263157894736,False,"(-0.001, 0.1]"
8x16,N004140,N010723,different,0.2790697674418604,False,"(0.2, 0.3]"
8x16,N007477,N007828,different,0.3167655786350148,False,"(0.3, 0.4]"
8x16,N008284,N009896,different,0.1411462788708297,False,"(0.1, 0.2]"
8x16,N006759,N008551,different,0.1343065693430657,False,"(0.1, 0.2]"
8x16,N004856,N010634,different,0.313182811361981,False,"(0.3, 0.4]"
8x16,N003022,N010880,different,0.1012965964343598,False,"(0.1, 0.2]"
8x16,N001271,N001372,different,0.1405353728489483,False,"(0.1, 0.2]"
8x16,N002952,N006725,different,0.1591448931116389,False,"(0.1, 0.2]"
8x16,N009630,N010560,different,0.2610294117647059,False,"(0.2, 0.3]"
8x16,N002342,N008733,different,0.1140724946695096,False,"(0.1, 0.2]"
8x16,N002631,N007528,different,0.1314741035856573,False,"(0.1, 0.2]"
8x16,N002957,N003701,different,0.1141950832672482,False,"(0.1, 0.2]"
8x16,N011515,N011516,same,0.4451476793248945,False,"(0.4, 0.5]"
8x16,N004013,N005436,different,0.0877862595419847,False,"(-0.001, 0.1]"
8x16,N010144,N010145,same,0.950354609929078,True,"(0.9, 1.0]"
8x16,N004509,N004511,same,0.6730103806228374,False,"(0.6, 0.7]"
8x16,N003868,N011674,different,0.152,False,"(0.1, 0.2]"
8x16,N008357,N009838,different,0.1414141414141414,False,"(0.1, 0.2]"
8x16,N005241,N005242,same,0.8484375,True,"(0.8, 0.9]"
8x16,N008230,N009234,different,0.0799207397622192,False,"(-0.001, 0.1]"
8x16,N000666,N000923,different,0.0755523877405559,False,"(-0.001, 0.1]"
8x16,N003267,N005780,different,0.1529105125977411,False,"(0.1, 0.2]"
8x16,N001044,N001720,different,0.09875,False,"(-0.001, 0.1]"
8x16,N011522,N011523,same,0.5862068965517241,False,"(0.5, 0.6]"
8x16,N009330,N010526,different,0.1628919860627177,False,"(0.1, 0.2]"
8x16,N003319,N008808,different,0.3280788177339901,False,"(0.3, 0.4]"
8x16,N006178,N006182,same,0.3955296404275996,False,"(0.3, 0.4]"
8x16,N002814,N005953,different,0.1319857312722948,False,"(0.1, 0.2]"
8x16,N007615,N007616,same,0.6785714285714286,False,"(0.6, 0.7]"
8x16,N007876,N007877,same,0.4831261101243339,False,"(0.4, 0.5]"
8x16,N004729,N004730,same,0.4846870838881491,False,"(0.4, 0.5]"
8x16,N005862,N006116,different,0.3430749682337992,False,"(0.3, 0.4]"
8x16,N000562,N005787,different,0.0849335302806499,False,"(-0.001, 0.1]"
8x16,N007575,N009140,different,0.0734966592427616,False,"(-0.001, 0.1]"
8x16,N011000,N011001,same,0.2851239669421487,False,"(0.2, 0.3]"
8x16,N006167,N009175,different,0.1465076660988075,False,"(0.1, 0.2]"
8x16,N004662,N009916,different,0.106290672451193,False,"(0.1, 0.2]"
8x16,N010431,N010432,same,0.8757062146892656,True,"(0.8, 0.9]"
8x16,N001509,N001510,same,0.6080617495711835,False,"(0.6, 0.7]"
8x16,N000737,N002287,different,0.1294212218649517,False,"(0.1, 0.2]"
8x16,N001764,N001765,same,0.5420118343195266,False,"(0.5, 0.6]"
8x16,N004877,N006275,different,0.1703810208483105,False,"(0.1, 0.2]"
8x16,N002351,N006165,different,0.2677642980935875,False,"(0.2, 0.3]"
8x16,N009140,N009547,different,0.3079448456992777,False,"(0.3, 0.4]"
8x16,N007104,N007105,same,0.9476635514018692,True,"(0.9, 1.0]"
8x16,N000463,N000465,same,0.6717557251908397,False,"(0.6, 0.7]"
8x16,N001124,N011201,different,0.1432225063938619,False,"(0.1, 0.2]"
8x16,N004151,N010614,different,0.3766122098022356,False,"(0.3, 0.4]"
8x16,N003957,N007645,different,0.1379038613081166,False,"(0.1, 0.2]"
8x16,N003941,N009735,different,0.095561035758323,False,"(-0.001, 0.1]"
8x16,N000647,N008088,different,0.0801498127340823,False,"(-0.001, 0.1]"
8x16,N002017,N005475,different,0.2821522309711286,False,"(0.2, 0.3]"
8x16,N000323,N006510,different,0.1636726546906187,False,"(0.1, 0.2]"
8x16,N008539,N008542,same,0.3689024390243902,False,"(0.3, 0.4]"
8x16,N002578,N006004,different,0.3570843570843571,False,"(0.3, 0.4]"
8x16,N001918,N002086,different,0.1120646138313982,False,"(0.1, 0.2]"
8x16,N002507,N002508,same,0.9279711884753902,True,"(0.9, 1.0]"
8x16,N001934,N011090,different,0.2501878287002254,False,"(0.2, 0.3]"
8x16,N004269,N011588,different,0.2105263157894736,False,"(0.2, 0.3]"
8x16,N005629,N006728,different,0.1042810098792535,False,"(0.1, 0.2]"
8x16,N008009,N008010,same,0.3585086042065009,False,"(0.3, 0.4]"
8x16,N009840,N009841,same,0.3700680272108843,False,"(0.3, 0.4]"
