notice_id_a,notice_id_b,label,exact_word5_jaccard,minhash_32,error_32,minhash_64,error_64,minhash_128,error_128,minhash_256,error_256
N010018,N010020,same,0.1987315010570824,0.28125,0.0825184989429176,0.234375,0.0356434989429176,0.21875,0.0200184989429176,0.20703125,0.0082997489429176
N007876,N008565,different,0.1113412739513205,0.1875,0.0761587260486795,0.140625,0.0292837260486795,0.1171875,0.005846226048679501,0.12109375,0.009752476048679501
N005451,N005452,same,0.2737588652482269,0.25,0.0237588652482269,0.25,0.0237588652482269,0.265625,0.008133865248226901,0.28125,0.007491134751773099
N008464,N010231,different,0.0694533762057877,0.0625,0.0069533762057877035,0.0625,0.0069533762057877035,0.0625,0.0069533762057877035,0.0625,0.0069533762057877035
N000420,N001104,different,0.1614906832298136,0.125,0.03649068322981361,0.1875,0.02600931677018639,0.15625,0.005240683229813609,0.16015625,0.0013344332298136086
N004781,N005219,different,0.1937984496124031,0.21875,0.024951550387596888,0.1875,0.006298449612403112,0.2421875,0.04838905038759689,0.21875,0.024951550387596888
N007021,N010547,different,0.2564745196324143,0.3125,0.0560254803675857,0.28125,0.0247754803675857,0.3359375,0.0794629803675857,0.296875,0.0404004803675857
N004413,N008734,different,0.0787623066104078,0.125,0.0462376933895922,0.078125,0.0006373066104077979,0.0703125,0.008449806610407798,0.078125,0.0006373066104077979
N007783,N007784,same,0.2463576158940397,0.3125,0.0661423841059603,0.1875,0.058857615894039705,0.265625,0.019267384105960295,0.265625,0.019267384105960295
N001104,N001107,same,0.2630385487528344,0.40625,0.1432114512471656,0.265625,0.002586451247165611,0.296875,0.03383645124716561,0.2890625,0.02602395124716561
N006958,N006959,same,0.4536271808999081,0.46875,0.015122819100091889,0.453125,0.0005021808999081112,0.4296875,0.02393968089990811,0.43359375,0.02003343089990811
N003107,N007431,different,0.2796327212020033,0.3125,0.032867278797996724,0.328125,0.048492278797996724,0.375,0.09536727879799672,0.34765625,0.06802352879799672
N010497,N011446,different,0.3457573354480571,0.375,0.02924266455194291,0.4375,0.09174266455194291,0.3828125,0.03705516455194291,0.3984375,0.05268016455194291
N002561,N003545,different,0.0775193798449612,0.09375,0.016230620155038802,0.0625,0.015019379844961198,0.0390625,0.0384568798449612,0.06640625,0.011113129844961198
N004217,N007965,different,0.3402317880794702,0.34375,0.0035182119205298124,0.3125,0.027731788079470188,0.2109375,0.1292942880794702,0.28515625,0.05507553807947019
N006099,N006100,same,0.5925597874224978,0.5,0.09255978742249782,0.546875,0.04568478742249782,0.6484375,0.05587771257750218,0.60546875,0.012908962577502181
N009010,N009562,different,0.0893617021276595,0.03125,0.058111702127659495,0.015625,0.0737367021276595,0.03125,0.058111702127659495,0.0546875,0.034674202127659495
N005332,N005333,same,0.8181818181818182,0.78125,0.03693181818181823,0.8125,0.005681818181818232,0.828125,0.009943181818181768,0.83203125,0.013849431818181768
N008288,N010448,different,0.2705501618122977,0.3125,0.041949838187702315,0.28125,0.010699838187702315,0.296875,0.026324838187702315,0.3046875,0.034137338187702315
N002391,N009409,different,0.086021505376344,0.125,0.038978494623656004,0.0625,0.023521505376343996,0.046875,0.039146505376343996,0.08203125,0.003990255376343996
N001001,N007428,different,0.1213292117465224,0.1875,0.0661707882534776,0.140625,0.019295788253477594,0.15625,0.034920788253477594,0.14453125,0.023202038253477594
N002919,N002920,same,0.9424141749723144,1.0,0.05758582502768561,0.96875,0.02633582502768561,0.984375,0.04196082502768561,0.95703125,0.014617075027685611
N007223,N008301,different,0.1638418079096045,0.09375,0.07009180790960451,0.09375,0.07009180790960451,0.171875,0.008033192090395491,0.19921875,0.03537694209039549
N005352,N007867,different,0.086410635155096,0.125,0.038589364844903995,0.078125,0.008285635155096005,0.0390625,0.047348135155096005,0.06640625,0.020004385155096005
N007893,N007894,same,0.852017937219731,0.75,0.10201793721973096,0.828125,0.02389293721973096,0.859375,0.007357062780269041,0.8828125,0.03079456278026904
N002670,N007972,different,0.2815186246418338,0.28125,0.0002686246418338034,0.234375,0.0471436246418338,0.25,0.0315186246418338,0.2578125,0.023706124641833803
N006038,N008642,different,0.0982519590114526,0.125,0.026748040988547397,0.109375,0.011123040988547397,0.0703125,0.027939459011452603,0.08984375,0.008408209011452603
N004523,N007453,different,0.1600771456123433,0.125,0.03507714561234329,0.125,0.03507714561234329,0.1640625,0.003985354387656709,0.1875,0.02742285438765671
N006491,N010563,different,0.3231750531537916,0.34375,0.02057494684620842,0.359375,0.03619994684620842,0.2578125,0.06536255315379158,0.3359375,0.01276244684620842
N002902,N010086,different,0.1457725947521866,0.09375,0.052022594752186596,0.125,0.020772594752186596,0.1015625,0.044210094752186596,0.1484375,0.002664905247813404
N001013,N003939,different,0.1738056013179571,0.09375,0.08005560131795711,0.078125,0.09568060131795711,0.1484375,0.02536810131795711,0.16015625,0.013649351317957109
N002612,N004456,different,0.097020097020097,0.09375,0.003270097020096993,0.046875,0.05014509702009699,0.0546875,0.04233259702009699,0.08984375,0.007176347020096993
N003308,N005945,different,0.0843621399176954,0.0625,0.021862139917695395,0.046875,0.037487139917695395,0.0546875,0.029674639917695395,0.0703125,0.014049639917695395
N002811,N007128,different,0.1680161943319838,0.15625,0.01176619433198381,0.125,0.04301619433198381,0.1328125,0.03520369433198381,0.15234375,0.01567244433198381
N007478,N011108,different,0.1066152858060372,0.15625,0.0496347141939628,0.125,0.0183847141939628,0.1328125,0.0261972141939628,0.12109375,0.0144784641939628
N001760,N001761,same,0.9550173010380624,1.0,0.04498269896193763,0.921875,0.03314230103806237,0.9453125,0.009704801038062372,0.94921875,0.005798551038062372
N004944,N009237,different,0.105890603085554,0.0625,0.043390603085553994,0.046875,0.059015603085553994,0.0859375,0.019953103085553994,0.09765625,0.008234353085553994
N008261,N008262,same,0.5982378854625551,0.75,0.15176211453744493,0.640625,0.042387114537444925,0.6484375,0.050199614537444925,0.64453125,0.046293364537444925
N003630,N009918,different,0.1227272727272727,0.0625,0.0602272727272727,0.078125,0.0446022727272727,0.109375,0.013352272727272699,0.14453125,0.0218039772727273
N003948,N008608,different,0.0788243152972612,0.0625,0.016324315297261194,0.03125,0.047574315297261194,0.046875,0.031949315297261194,0.06640625,0.012418065297261194
N008997,N008998,same,0.473972602739726,0.375,0.09897260273972602,0.40625,0.06772260273972602,0.40625,0.06772260273972602,0.4296875,0.04428510273972602
N004789,N005917,different,0.1609281437125748,0.21875,0.0578218562874252,0.171875,0.0109468562874252,0.1484375,0.0124906437125748,0.1484375,0.0124906437125748
N003672,N008071,different,0.4044016506189821,0.3125,0.09190165061898209,0.359375,0.04502665061898209,0.4375,0.03309834938101791,0.375,0.02940165061898209
N009235,N009236,same,0.3705103969754253,0.5,0.12948960302457468,0.421875,0.051364603024574684,0.390625,0.020114603024574684,0.3671875,0.0033228969754253157
N001817,N002597,different,0.3341213553979511,0.375,0.040878644602048875,0.34375,0.009628644602048875,0.296875,0.037246355397951125,0.32421875,0.009902605397951125
N000985,N000986,same,0.1965020576131687,0.25,0.05349794238683131,0.171875,0.02462705761316869,0.1328125,0.06368955761316869,0.16796875,0.02853330761316869
N000993,N010660,different,0.1422413793103448,0.1875,0.045258620689655193,0.140625,0.0016163793103448065,0.1015625,0.040678879310344807,0.140625,0.0016163793103448065
N003269,N010318,different,0.1720351390922401,0.15625,0.015785139092240108,0.15625,0.015785139092240108,0.1171875,0.05484763909224011,0.16796875,0.004066389092240108
N011750,N011966,different,0.1679073614557485,0.21875,0.0508426385442515,0.21875,0.0508426385442515,0.21875,0.0508426385442515,0.171875,0.0039676385442515005
N010357,N010360,same,0.9702048417132216,1.0,0.029795158286778367,0.984375,0.014170158286778367,0.9765625,0.006357658286778367,0.97265625,0.002451408286778367
N001163,N001165,same,0.968,1.0,0.03200000000000003,1.0,0.03200000000000003,0.9921875,0.02418750000000003,0.98828125,0.02028125000000003
N011255,N011732,different,0.1723534558180227,0.125,0.047353455818022694,0.125,0.047353455818022694,0.125,0.047353455818022694,0.1484375,0.023915955818022694
N007191,N011803,different,0.0794198895027624,0.125,0.045580110497237605,0.125,0.045580110497237605,0.1015625,0.022142610497237605,0.0859375,0.006517610497237605
N003422,N008330,different,0.0906084656084656,0.09375,0.0031415343915344035,0.078125,0.012483465608465596,0.0625,0.028108465608465596,0.078125,0.012483465608465596
N004762,N011915,different,0.3286274509803921,0.3125,0.01612745098039209,0.359375,0.03074754901960791,0.3125,0.01612745098039209,0.3515625,0.02293504901960791
N006325,N006326,same,0.8105395232120451,0.84375,0.03321047678795486,0.796875,0.013664523212045143,0.7890625,0.021477023212045143,0.78125,0.029289523212045143
N003658,N003661,same,0.8946459412780656,0.90625,0.011604058721934374,0.890625,0.004020941278065626,0.890625,0.004020941278065626,0.90625,0.011604058721934374
N010135,N010136,same,0.9823008849557522,1.0,0.017699115044247815,1.0,0.017699115044247815,0.9921875,0.009886615044247815,0.9921875,0.009886615044247815
N003079,N011928,different,0.3535087719298245,0.40625,0.052741228070175505,0.375,0.021491228070175505,0.3203125,0.033196271929824495,0.37109375,0.017584978070175505
N000268,N009659,different,0.4272151898734177,0.46875,0.04153481012658228,0.4375,0.010284810126582278,0.421875,0.005340189873417722,0.4375,0.010284810126582278
N001173,N001174,same,0.564042303172738,0.6875,0.12345769682726204,0.59375,0.029707696827262042,0.5625,0.0015423031727379577,0.56640625,0.0023639468272620423
N004065,N007546,different,0.2972718720602069,0.3125,0.015228127939793112,0.3125,0.015228127939793112,0.3515625,0.05429062793979311,0.35546875,0.05819687793979311
N000702,N007932,different,0.0748256182625237,0.0625,0.012325618262523694,0.03125,0.043575618262523694,0.0390625,0.035763118262523694,0.05859375,0.016231868262523694
N009387,N009517,different,0.1550079491255961,0.15625,0.001242050874403905,0.109375,0.045632949125596095,0.0859375,0.0690704491255961,0.1015625,0.053445449125596095
N000358,N007166,different,0.1524822695035461,0.125,0.027482269503546097,0.09375,0.0587322695035461,0.125,0.027482269503546097,0.16015625,0.007673980496453903
N007841,N011872,different,0.0900621118012422,0.125,0.0349378881987578,0.078125,0.011937111801242198,0.078125,0.011937111801242198,0.0859375,0.004124611801242198
N000576,N000577,same,0.1786055396370582,0.21875,0.04014446036294181,0.21875,0.04014446036294181,0.2265625,0.04795696036294181,0.21875,0.04014446036294181
N003372,N008041,different,0.1540785498489426,0.125,0.029078549848942592,0.09375,0.06032854984894259,0.09375,0.06032854984894259,0.14453125,0.009547299848942592
N006470,N009323,different,0.3245481927710843,0.25,0.07454819277108432,0.3125,0.01204819277108432,0.265625,0.05892319277108432,0.3203125,0.004235692771084321
N001685,N001686,same,0.6132848043676069,0.75,0.1367151956323931,0.640625,0.027340195632393094,0.6953125,0.0820276956323931,0.6171875,0.003902695632393094
N002358,N005690,different,0.1574225122349102,0.0625,0.09492251223491019,0.15625,0.001172512234910189,0.15625,0.001172512234910189,0.1640625,0.006639987765089811
N002216,N002218,same,0.8135338345864662,0.78125,0.03228383458646622,0.78125,0.03228383458646622,0.8203125,0.00677866541353378,0.8046875,0.00884633458646622
N003837,N007101,different,0.2532281205164993,0.21875,0.03447812051649929,0.234375,0.01885312051649929,0.2421875,0.011040620516499289,0.25,0.0032281205164992888
N008995,N010419,different,0.1475548060708263,0.15625,0.0086951939291737,0.15625,0.0086951939291737,0.1328125,0.0147423060708263,0.15625,0.0086951939291737
N001394,N003813,different,0.104594330400782,0.09375,0.010844330400782004,0.09375,0.010844330400782004,0.078125,0.026469330400782004,0.0859375,0.018656830400782004
N003816,N009648,different,0.3646308113035551,0.375,0.010369188696444875,0.34375,0.020880811303555125,0.265625,0.09900581130355512,0.296875,0.06775581130355512
N000883,N003126,different,0.0866721177432543,0.125,0.0383278822567457,0.0625,0.0241721177432543,0.109375,0.0227028822567457,0.12109375,0.0344216322567457
N010748,N011807,different,0.1994750656167979,0.28125,0.0817749343832021,0.234375,0.0348999343832021,0.21875,0.019274934383202103,0.2265625,0.027087434383202103
N006050,N007874,different,0.1027278003482298,0.28125,0.17852219965177019,0.15625,0.0535221996517702,0.1171875,0.0144596996517702,0.09375,0.0089778003482298
N011687,N011688,same,0.9830220713073003,1.0,0.01697792869269965,1.0,0.01697792869269965,1.0,0.01697792869269965,0.9765625,0.006459571307300349
N000036,N011140,different,0.1267232237539766,0.1875,0.0607767762460234,0.171875,0.0451517762460234,0.125,0.0017232237539765993,0.12890625,0.0021830262460234007
N000051,N000052,same,0.953307392996109,0.9375,0.015807392996109004,0.953125,0.00018239299610900428,0.9609375,0.007630107003890996,0.94921875,0.004088642996109004
N001105,N007889,different,0.0680218921032056,0.0625,0.005521892103205597,0.046875,0.021146892103205597,0.0546875,0.013334392103205597,0.06640625,0.0016156421032055973
N004491,N004492,same,0.5182926829268293,0.65625,0.13795731707317072,0.578125,0.059832317073170715,0.609375,0.09108231707317072,0.578125,0.059832317073170715
N004978,N009682,different,0.1228222996515679,0.09375,0.029072299651567907,0.046875,0.0759472996515679,0.078125,0.04469729965156791,0.09765625,0.025166049651567907
N008379,N008380,same,0.864406779661017,0.90625,0.04184322033898302,0.921875,0.05746822033898302,0.90625,0.04184322033898302,0.890625,0.026218220338983023
N001189,N011628,different,0.0988745980707395,0.0625,0.036374598070739506,0.03125,0.0676245980707395,0.078125,0.020749598070739506,0.08203125,0.016843348070739506
N000183,N001889,different,0.4340425531914894,0.40625,0.027792553191489378,0.40625,0.027792553191489378,0.4140625,0.019980053191489378,0.43359375,0.00044880319148937753
N006225,N006227,same,0.210412147505423,0.125,0.085412147505423,0.15625,0.054162147505423,0.2109375,0.0005253524945769972,0.1796875,0.030724647505423003
N002447,N007313,different,0.1302857142857142,0.15625,0.0259642857142858,0.125,0.005285714285714199,0.140625,0.0103392857142858,0.14453125,0.0142455357142858
N005321,N005322,same,0.9304123711340206,0.9375,0.007087628865979356,0.96875,0.038337628865979356,0.9609375,0.030525128865979356,0.94921875,0.018806378865979356
N004563,N004564,same,0.3852106620808254,0.4375,0.05228933791917462,0.375,0.010210662080825383,0.4140625,0.028851837919174617,0.421875,0.03666433791917462
N001497,N001498,same,0.4645799011532125,0.6875,0.22292009884678748,0.5625,0.09792009884678748,0.5078125,0.043232598846787484,0.49609375,0.031513848846787484
N002729,N008105,different,0.1562252180808881,0.1875,0.0312747819191119,0.171875,0.0156497819191119,0.1640625,0.0078372819191119,0.16015625,0.003931031919111899
N000314,N008220,different,0.1233552631578947,0.125,0.001644736842105296,0.109375,0.013980263157894704,0.09375,0.029605263157894704,0.125,0.001644736842105296
N001902,N009227,different,0.3510758776896942,0.375,0.023924122310305773,0.328125,0.022950877689694227,0.3828125,0.03173662231030577,0.37109375,0.020017872310305773
N001376,N009439,different,0.2835011618900077,0.28125,0.00225116189000768,0.296875,0.01337383810999232,0.2890625,0.00556133810999232,0.29296875,0.00946758810999232
N003019,N009498,different,0.1111111111111111,0.0,0.1111111111111111,0.0,0.1111111111111111,0.0546875,0.056423611111111105,0.08203125,0.029079861111111105
N003883,N004988,different,0.0938851142680667,0.125,0.0311148857319333,0.109375,0.0154898857319333,0.078125,0.0157601142680667,0.08203125,0.0118538642680667
N004822,N007764,different,0.1306501547987616,0.3125,0.1818498452012384,0.203125,0.0724748452012384,0.1875,0.0568498452012384,0.15234375,0.021693595201238397
N000255,N007615,different,0.2618296529968454,0.40625,0.1444203470031546,0.375,0.11317034700315459,0.3125,0.05067034700315459,0.2890625,0.027232847003154592
N005676,N011302,different,0.1440329218106996,0.09375,0.0502829218106996,0.125,0.0190329218106996,0.1484375,0.004404578189300401,0.15234375,0.008310828189300401
N003403,N007889,different,0.0820143884892086,0.0625,0.019514388489208598,0.03125,0.0507643884892086,0.03125,0.0507643884892086,0.0625,0.019514388489208598
N002476,N005891,different,0.0907894736842105,0.125,0.0342105263157895,0.078125,0.012664473684210503,0.0859375,0.004851973684210503,0.08984375,0.0009457236842105032
N004988,N009224,different,0.114792899408284,0.125,0.010207100591716006,0.109375,0.005417899408283994,0.0859375,0.028855399408283994,0.1015625,0.013230399408283994
N001677,N011151,different,0.1003562945368171,0.09375,0.006606294536817103,0.078125,0.022231294536817103,0.078125,0.022231294536817103,0.0859375,0.014418794536817103
N006731,N006732,same,0.8859060402684564,0.96875,0.08284395973154357,0.921875,0.03596895973154357,0.9140625,0.02815645973154357,0.87109375,0.01481229026845643
N002200,N009548,different,0.0974297668858338,0.0625,0.034929766885833796,0.078125,0.019304766885833796,0.078125,0.019304766885833796,0.0859375,0.011492266885833796
N001873,N001874,same,0.8815426997245179,0.84375,0.03779269972451793,0.890625,0.00908230027548207,0.8984375,0.01689480027548207,0.890625,0.00908230027548207
N006820,N010293,different,0.1648351648351648,0.25,0.0851648351648352,0.1875,0.022664835164835195,0.140625,0.024210164835164805,0.15234375,0.012491414835164805
N004096,N007060,different,0.2082683307332293,0.1875,0.020768330733229312,0.140625,0.06764333073322931,0.1875,0.020768330733229312,0.2109375,0.002669169266770688
N003135,N003543,different,0.1820448877805486,0.09375,0.08829488778054859,0.171875,0.010169887780548587,0.171875,0.010169887780548587,0.18359375,0.0015488622194514134
N006564,N007387,different,0.1912144702842377,0.125,0.06621447028423769,0.109375,0.08183947028423769,0.1953125,0.0040980297157623136,0.1953125,0.0040980297157623136
N004906,N008027,different,0.184,0.21875,0.03475,0.21875,0.03475,0.1875,0.003500000000000003,0.1796875,0.004312499999999997
N000145,N007083,different,0.09125,0.15625,0.065,0.109375,0.018125000000000002,0.1015625,0.010312500000000002,0.08984375,0.0014062499999999978
N008087,N008088,same,0.3101010101010101,0.3125,0.0023989898989899006,0.265625,0.0444760101010101,0.3046875,0.0054135101010100994,0.3203125,0.0102114898989899
N007153,N007701,different,0.3163418290854572,0.25,0.06634182908545722,0.296875,0.019466829085457216,0.34375,0.027408170914542784,0.34375,0.027408170914542784
N010825,N010826,same,0.6002143622722401,0.40625,0.19396436227224012,0.453125,0.14708936227224012,0.546875,0.05333936227224012,0.5703125,0.02990186227224012
N006905,N006906,same,0.9791955617198336,1.0,0.020804438280166426,1.0,0.020804438280166426,0.9921875,0.012991938280166426,0.98828125,0.009085688280166426
N001863,N002786,different,0.0989922940130409,0.15625,0.057257705986959104,0.09375,0.005242294013040896,0.0703125,0.028679794013040896,0.078125,0.020867294013040896
N001735,N005403,different,0.2863475177304964,0.46875,0.18240248226950362,0.34375,0.05740248226950362,0.3359375,0.04958998226950362,0.328125,0.04177748226950362
N009982,N009985,same,0.1882519462137296,0.28125,0.09299805378627041,0.171875,0.016376946213729593,0.1796875,0.008564446213729593,0.171875,0.016376946213729593
N008801,N011616,different,0.1529105125977411,0.15625,0.003339487402258895,0.140625,0.012285512597741105,0.15625,0.003339487402258895,0.1953125,0.042401987402258895
N003201,N011795,different,0.3049967553536664,0.34375,0.03875324464633362,0.296875,0.008121755353666382,0.25,0.05499675535366638,0.29296875,0.012028005353666382
N009040,N010335,different,0.0883002207505518,0.09375,0.0054497792494482,0.0625,0.0258002207505518,0.0546875,0.0336127207505518,0.08203125,0.0062689707505518
N000276,N000278,same,0.2373923739237392,0.25,0.012607626076260786,0.203125,0.034267373923739214,0.25,0.012607626076260786,0.234375,0.003017373923739214
N001338,N001340,same,0.9699570815450644,0.96875,0.0012070815450644368,0.984375,0.014417918454935563,0.984375,0.014417918454935563,0.98046875,0.010511668454935563
N011118,N011119,same,0.8378698224852071,0.78125,0.05661982248520714,0.828125,0.009744822485207139,0.84375,0.0058801775147928614,0.81640625,0.02146357248520714
N000768,N000770,same,0.6359039190897599,0.65625,0.02034608091024015,0.5625,0.07340391908975985,0.59375,0.04215391908975985,0.62109375,0.01481016908975985
N001515,N006807,different,0.1460494812450119,0.09375,0.05229948124501191,0.171875,0.02582551875498809,0.1796875,0.03363801875498809,0.17578125,0.02973176875498809
N009100,N009150,different,0.1350040420371867,0.15625,0.02124595796281331,0.140625,0.005620957962813311,0.1015625,0.03344154203718669,0.11328125,0.02172279203718669
N000437,N010413,different,0.090455396132252,0.125,0.034544603867748006,0.078125,0.012330396132251994,0.0859375,0.0045178961322519945,0.0859375,0.0045178961322519945
N008497,N008498,same,0.5399201596806387,0.625,0.08507984031936133,0.59375,0.05382984031936133,0.5625,0.022579840319361333,0.515625,0.024295159680638667
N007145,N007146,same,0.4770114942528735,0.5,0.02298850574712652,0.46875,0.00826149425287348,0.4375,0.03951149425287348,0.44921875,0.02779274425287348
N007053,N010560,different,0.2483271375464684,0.1875,0.0608271375464684,0.203125,0.0452021375464684,0.2421875,0.006139637546468402,0.23046875,0.0178583875464684
N008280,N010910,different,0.1444256756756756,0.21875,0.0743243243243244,0.15625,0.011824324324324398,0.1015625,0.0428631756756756,0.12109375,0.023331925675675602
N001364,N001365,same,0.8190104166666666,0.875,0.05598958333333337,0.765625,0.05338541666666663,0.7734375,0.04557291666666663,0.80859375,0.01041666666666663
N001075,N009237,different,0.3218503937007874,0.46875,0.14689960629921262,0.421875,0.10002460629921262,0.3671875,0.045337106299212615,0.33984375,0.017993356299212615
N003268,N007976,different,0.3335403726708074,0.3125,0.021040372670807383,0.28125,0.052290372670807383,0.2890625,0.044477872670807383,0.3203125,0.013227872670807383
N004168,N004169,same,0.6512992455993294,0.75,0.09870075440067061,0.671875,0.02057575440067061,0.6953125,0.04401325440067061,0.65234375,0.0010445044006706095
N003317,N011369,different,0.1354581673306772,0.09375,0.0417081673306772,0.0625,0.0729581673306772,0.1015625,0.0338956673306772,0.1328125,0.0026456673306771983
N002748,N011595,different,0.2767402376910017,0.40625,0.1295097623089983,0.375,0.0982597623089983,0.3359375,0.0591972623089983,0.30859375,0.0318535123089983
N000873,N002331,different,0.091692789968652,0.0625,0.029192789968652003,0.046875,0.044817789968652,0.0625,0.029192789968652003,0.09765625,0.005963460031347997
N009379,N009380,same,0.98005698005698,0.9375,0.042556980056980054,0.96875,0.011306980056980054,0.9765625,0.003494480056980054,0.984375,0.004318019943019946
N007382,N009541,different,0.0972515856236786,0.0625,0.034751585623678596,0.03125,0.0660015856236786,0.046875,0.050376585623678596,0.09375,0.0035015856236785964
N006828,N011568,different,0.1071428571428571,0.09375,0.013392857142857095,0.0625,0.044642857142857095,0.09375,0.013392857142857095,0.09765625,0.009486607142857095
N005210,N009890,different,0.1273764258555133,0.15625,0.028873574144486713,0.15625,0.028873574144486713,0.1328125,0.005436074144486713,0.15625,0.028873574144486713
N009046,N010077,different,0.2749077490774907,0.25,0.024907749077490715,0.21875,0.056157749077490715,0.2265625,0.048345249077490715,0.25390625,0.021001499077490715
N000659,N006306,different,0.0910290237467018,0.15625,0.0652209762532982,0.09375,0.002720976253298202,0.09375,0.002720976253298202,0.109375,0.018345976253298202
N005472,N007849,different,0.0971246006389776,0.09375,0.0033746006389775984,0.078125,0.0189996006389776,0.0703125,0.0268121006389776,0.08984375,0.007280850638977598
N007681,N009555,different,0.3104166666666667,0.21875,0.09166666666666667,0.28125,0.029166666666666674,0.1953125,0.11510416666666667,0.25390625,0.056510416666666674
N007201,N010116,different,0.151093439363817,0.15625,0.005156560636183,0.140625,0.010468439363817,0.171875,0.020781560636183,0.16796875,0.016875310636183
N002665,N004599,different,0.0975029726516052,0.125,0.027497027348394806,0.09375,0.0037529726516051937,0.0625,0.035002972651605194,0.1015625,0.004059527348394806
N007557,N008376,different,0.2811867835468644,0.09375,0.18743678354686438,0.1875,0.09368678354686438,0.2578125,0.023374283546864383,0.265625,0.015561783546864383
N000189,N001381,different,0.1442953020134228,0.125,0.019295302013422805,0.09375,0.050545302013422805,0.1328125,0.011482802013422805,0.140625,0.003670302013422805
N004220,N007941,different,0.2714508580343214,0.375,0.1035491419656786,0.296875,0.025424141965678604,0.2578125,0.013638358034321396,0.26171875,0.009732108034321396
N002036,N008928,different,0.0682730923694779,0.09375,0.0254769076305221,0.0625,0.0057730923694779,0.046875,0.0213980923694779,0.078125,0.0098519076305221
N003662,N010020,different,0.1947368421052631,0.1875,0.007236842105263097,0.15625,0.0384868421052631,0.1875,0.007236842105263097,0.1953125,0.0005756578947369029
N004066,N006280,different,0.1448007774538386,0.1875,0.0426992225461614,0.140625,0.004175777453838597,0.1484375,0.0036367225461614028,0.16015625,0.015355472546161403
N005647,N010086,different,0.1487603305785124,0.125,0.0237603305785124,0.125,0.0237603305785124,0.1484375,0.0003228305785124008,0.15234375,0.003583419421487599
N002586,N006131,different,0.1583403895004233,0.1875,0.029159610499576688,0.1875,0.029159610499576688,0.1796875,0.021347110499576688,0.16015625,0.001815860499576688
N004043,N004969,different,0.0748299319727891,0.0625,0.012329931972789102,0.03125,0.0435799319727891,0.046875,0.0279549319727891,0.0625,0.012329931972789102
N010853,N010857,same,0.7401574803149606,0.78125,0.04109251968503935,0.703125,0.03703248031496065,0.765625,0.025467519685039353,0.76953125,0.029373769685039353
N000202,N007774,different,0.1714023831347387,0.1875,0.01609761686526129,0.15625,0.015152383134738712,0.125,0.04640238313473871,0.1796875,0.008285116865261288
N002852,N002853,same,0.5619918699186992,0.625,0.0630081300813008,0.59375,0.031758130081300795,0.640625,0.0786331300813008,0.55859375,0.003398119918699205
N008049,N010976,different,0.144220572640509,0.1875,0.043279427359491,0.125,0.019220572640509,0.1328125,0.011408072640508998,0.15234375,0.008123177359491002
N010028,N010039,different,0.293282876064333,0.5,0.206717123935667,0.40625,0.11296712393566699,0.3828125,0.08952962393566699,0.3359375,0.04265462393566699
N004028,N010035,different,0.1978609625668449,0.25,0.052139037433155094,0.21875,0.020889037433155094,0.2578125,0.059951537433155094,0.234375,0.036514037433155094
N001702,N010946,different,0.1118299445471349,0.15625,0.044420055452865106,0.09375,0.018079944547134894,0.09375,0.018079944547134894,0.1015625,0.010267444547134894
N008791,N008803,different,0.3335901386748844,0.34375,0.010159861325115593,0.34375,0.010159861325115593,0.2890625,0.04452763867488441,0.3515625,0.017972361325115593
N000684,N004640,different,0.1611111111111111,0.25,0.0888888888888889,0.234375,0.0732638888888889,0.1796875,0.018576388888888906,0.171875,0.010763888888888906
N011929,N011930,same,0.383739837398374,0.4375,0.05376016260162603,0.375,0.008739837398373973,0.4375,0.05376016260162603,0.41796875,0.03422891260162603
N003860,N004075,different,0.2740937223695844,0.1875,0.0865937223695844,0.1875,0.0865937223695844,0.296875,0.022781277630415597,0.296875,0.022781277630415597
N003884,N007431,different,0.0917553191489361,0.0625,0.0292553191489361,0.03125,0.0605053191489361,0.0390625,0.0526928191489361,0.07421875,0.0175365691489361
N002204,N007953,different,0.1237016052880075,0.15625,0.0325483947119925,0.140625,0.0169233947119925,0.109375,0.014326605288007499,0.11328125,0.010420355288007499
N005664,N005666,same,0.7739273927392739,0.84375,0.06982260726072609,0.765625,0.008302392739273912,0.78125,0.007322607260726088,0.76171875,0.012208642739273912
N003982,N006359,different,0.3064992614475628,0.34375,0.03725073855243721,0.34375,0.03725073855243721,0.265625,0.04087426144756279,0.30859375,0.0020944885524372125
N002817,N002819,same,0.2419354838709677,0.3125,0.0705645161290323,0.265625,0.023689516129032306,0.3046875,0.0627520161290323,0.25390625,0.011970766129032306
N002626,N002629,same,0.5141921397379913,0.46875,0.04544213973799127,0.375,0.13919213973799127,0.4765625,0.03762963973799127,0.48046875,0.03372338973799127
N000262,N002156,different,0.290736984448952,0.25,0.04073698444895202,0.296875,0.006138015551047982,0.2734375,0.01729948444895202,0.28515625,0.005580734448952018
N000131,N003422,different,0.3564173591874423,0.40625,0.04983264081255773,0.34375,0.012667359187442273,0.2890625,0.06735485918744227,0.37109375,0.014676390812557727
N000852,N010531,different,0.090505767524401,0.03125,0.059255767524400996,0.03125,0.059255767524400996,0.0546875,0.035818267524400996,0.08984375,0.0006620175244009957
N003659,N005484,different,0.1022576361221779,0.15625,0.053992363877822094,0.140625,0.038367363877822094,0.125,0.022742363877822094,0.1328125,0.030554863877822094
N001115,N009773,different,0.3744569939183318,0.3125,0.061956993918331815,0.359375,0.015081993918331815,0.2890625,0.08539449391833182,0.37109375,0.0033632439183318152
N010941,N010942,same,0.8907363420427553,0.9375,0.046763657957244686,0.921875,0.031138657957244686,0.9140625,0.023326157957244686,0.91796875,0.027232407957244686
N008101,N008840,different,0.1264822134387351,0.125,0.0014822134387351138,0.078125,0.048357213438735114,0.109375,0.017107213438735114,0.109375,0.017107213438735114
N005983,N009546,different,0.341860465116279,0.3125,0.02936046511627899,0.328125,0.013735465116278989,0.234375,0.10748546511627899,0.3203125,0.02154796511627899
N001180,N006053,different,0.2686567164179104,0.375,0.10634328358208961,0.328125,0.05946828358208961,0.296875,0.02821828358208961,0.27734375,0.00868703358208961
N004248,N005277,different,0.1173020527859237,0.09375,0.023552052785923705,0.09375,0.023552052785923705,0.09375,0.023552052785923705,0.12109375,0.003791697214076295
N006025,N010086,different,0.1429597701149425,0.0625,0.08045977011494251,0.09375,0.049209770114942514,0.109375,0.033584770114942514,0.13671875,0.006241020114942514
N002970,N007570,different,0.3452282157676348,0.34375,0.001478215767634794,0.34375,0.001478215767634794,0.3046875,0.040540715767634794,0.328125,0.017103215767634794
N002439,N007343,different,0.2769911504424778,0.3125,0.035508849557522204,0.296875,0.019883849557522204,0.28125,0.004258849557522204,0.29296875,0.015977599557522204
N001488,N005914,different,0.149689991142604,0.25,0.100310008857396,0.15625,0.006560008857395994,0.125,0.024689991142604006,0.16015625,0.010466258857395994
N001624,N006762,different,0.1044957472660996,0.15625,0.0517542527339004,0.078125,0.0263707472660996,0.0859375,0.0185582472660996,0.09765625,0.006839497266099601
N004870,N006313,different,0.1796157059314954,0.1875,0.007884294068504605,0.140625,0.038990705931495395,0.1484375,0.031178205931495395,0.17578125,0.003834455931495395
N011017,N011020,same,0.5273477812177503,0.5,0.027347781217750278,0.53125,0.0039022187822497223,0.5390625,0.011714718782249722,0.5390625,0.011714718782249722
N002389,N002391,same,0.5518962075848304,0.59375,0.04185379241516962,0.5625,0.010603792415169622,0.5625,0.010603792415169622,0.546875,0.005021207584830378
N000672,N002056,different,0.0942895086321381,0.0625,0.0317895086321381,0.0625,0.0317895086321381,0.0859375,0.0083520086321381,0.0703125,0.0239770086321381
N003476,N004605,different,0.1599312123817712,0.21875,0.05881878761822881,0.15625,0.0036812123817711873,0.171875,0.011943787618228813,0.15625,0.0036812123817711873
N008022,N010492,different,0.3256704980842911,0.34375,0.018079501915708895,0.28125,0.044420498084291105,0.2890625,0.036607998084291105,0.3046875,0.020982998084291105
N009775,N009854,different,0.0647590361445783,0.0625,0.0022590361445782997,0.046875,0.0178840361445783,0.0546875,0.0100715361445783,0.05859375,0.0061652861445783
N001443,N010092,different,0.2540381791483113,0.25,0.004038179148311283,0.234375,0.019663179148311283,0.25,0.004038179148311283,0.2578125,0.0037743208516887172
N008152,N008153,same,0.8877338877338877,0.78125,0.10648388773388773,0.859375,0.028358887733887728,0.8984375,0.010703612266112272,0.86328125,0.024452637733887728
N004151,N009894,different,0.0922600619195046,0.125,0.0327399380804954,0.078125,0.014135061919504602,0.078125,0.014135061919504602,0.08203125,0.010228811919504602
N009151,N011771,different,0.3623318385650224,0.375,0.01266816143497762,0.359375,0.0029568385650223794,0.3359375,0.02639433856502238,0.375,0.01266816143497762
N004672,N008166,different,0.3858392999204455,0.25,0.13583929992044552,0.296875,0.08896429992044552,0.2734375,0.11240179992044552,0.36328125,0.022558049920445522
N005081,N007027,different,0.1417740712661107,0.28125,0.1394759287338893,0.171875,0.03010092873388931,0.1484375,0.0066634287338893095,0.171875,0.03010092873388931
N002173,N008545,different,0.1504965622612681,0.15625,0.005753437738731909,0.09375,0.05674656226126809,0.125,0.02549656226126809,0.1484375,0.002059062261268091
N003781,N003783,same,0.8772169167803547,0.8125,0.06471691678035474,0.84375,0.03346691678035474,0.84375,0.03346691678035474,0.86328125,0.013935666780354738
N002084,N007552,different,0.1469298245614035,0.1875,0.040570175438596506,0.1875,0.040570175438596506,0.1640625,0.017132675438596506,0.171875,0.024945175438596506
N004001,N004002,same,0.435759209344115,0.5,0.064240790655885,0.5,0.064240790655885,0.5234375,0.087678290655885,0.46484375,0.029084540655885005
N009163,N009439,different,0.1352405721716515,0.1875,0.0522594278283485,0.15625,0.021009427828348498,0.109375,0.025865572171651502,0.14453125,0.009290677828348498
N002426,N003338,different,0.0959501557632398,0.09375,0.0022001557632398,0.078125,0.0178251557632398,0.078125,0.0178251557632398,0.07421875,0.0217314057632398
N006423,N006425,same,0.9245508982035928,1.0,0.07544910179640718,0.96875,0.04419910179640718,0.9296875,0.005136601796407181,0.921875,0.002675898203592819
N007876,N009829,different,0.3517096999302163,0.4375,0.08579030006978372,0.390625,0.03891530006978372,0.3046875,0.04702219993021628,0.32421875,0.02749094993021628
N007687,N009311,different,0.3002274450341167,0.3125,0.012272554965883309,0.375,0.07477255496588331,0.3359375,0.03571005496588331,0.3359375,0.03571005496588331
N001746,N002955,different,0.0722702278083267,0.0625,0.009770227808326704,0.03125,0.041020227808326704,0.046875,0.025395227808326704,0.0625,0.009770227808326704
N008284,N008285,same,0.5817051509769094,0.5625,0.019205150976909446,0.546875,0.034830150976909446,0.59375,0.012044849023090554,0.578125,0.0035801509769094464
N001309,N011869,different,0.0875850340136054,0.125,0.0374149659863946,0.0625,0.0250850340136054,0.0546875,0.0328975340136054,0.09375,0.006164965986394599
N002589,N004081,different,0.094074074074074,0.125,0.030925925925925996,0.0625,0.031574074074074004,0.0625,0.031574074074074004,0.078125,0.015949074074074004
N005300,N006349,different,0.3592760180995475,0.40625,0.04697398190045249,0.28125,0.07802601809954751,0.28125,0.07802601809954751,0.359375,9.898190045248834e-05
N009455,N009456,same,0.5199556541019955,0.59375,0.07379434589800449,0.546875,0.026919345898004488,0.53125,0.011294345898004488,0.4921875,0.027768154101995512
N004081,N010560,different,0.1065340909090909,0.125,0.018465909090909102,0.109375,0.0028409090909091023,0.078125,0.028409090909090898,0.078125,0.028409090909090898
N004306,N004307,same,0.9759519038076152,0.96875,0.007201903807615206,0.984375,0.008423096192384794,0.9765625,0.0006105961923847936,0.984375,0.008423096192384794
N000884,N011090,different,0.2736549165120593,0.375,0.10134508348794069,0.265625,0.00802991651205931,0.3046875,0.03103258348794069,0.31640625,0.04275133348794069
N000010,N003634,different,0.0913520097442143,0.125,0.0336479902557857,0.078125,0.0132270097442143,0.0703125,0.0210395097442143,0.1015625,0.0102104902557857
N002225,N011649,different,0.1497373029772329,0.15625,0.0065126970227671055,0.15625,0.0065126970227671055,0.1796875,0.029950197022767105,0.1484375,0.0012998029772328945
N001484,N003224,different,0.0819793205317577,0.0625,0.0194793205317577,0.0625,0.0194793205317577,0.078125,0.0038543205317577017,0.07421875,0.007760570531757702
N008411,N008412,same,0.3327338129496403,0.3125,0.020233812949640273,0.34375,0.011016187050359727,0.3671875,0.03445368705035973,0.32421875,0.008515062949640273
N006804,N010502,different,0.116991643454039,0.15625,0.03925835654596101,0.109375,0.007616643454038993,0.0703125,0.04667914345403899,0.1171875,0.00019585654596100677
N009437,N010826,different,0.2679275019700551,0.34375,0.0758224980299449,0.25,0.017927501970055104,0.25,0.017927501970055104,0.265625,0.002302501970055104
N000335,N007009,different,0.2506887052341597,0.34375,0.0930612947658403,0.25,0.0006887052341597033,0.265625,0.014936294765840297,0.29296875,0.0422800447658403
N002857,N005654,different,0.2818853974121996,0.3125,0.03061460258780041,0.25,0.03188539741219959,0.296875,0.01498960258780041,0.28515625,0.00327085258780041
N000078,N007325,different,0.2183288409703504,0.21875,0.0004211590296495926,0.171875,0.04645384097035041,0.203125,0.015203840970350407,0.2109375,0.007391340970350407
N000864,N005773,different,0.1325600662800331,0.125,0.007560066280033112,0.109375,0.023185066280033112,0.109375,0.023185066280033112,0.125,0.007560066280033112
N007718,N008135,different,0.2505462490895848,0.21875,0.03179624908958478,0.171875,0.07867124908958478,0.234375,0.016171249089584783,0.2421875,0.008358749089584783
N006976,N010778,different,0.2959317585301837,0.3125,0.01656824146981628,0.234375,0.06155675853018372,0.2578125,0.03811925853018372,0.31640625,0.02047449146981628
N002774,N011414,different,0.1521335807050092,0.09375,0.05838358070500921,0.0625,0.08963358070500921,0.0859375,0.06619608070500921,0.109375,0.04275858070500921
N004762,N010111,different,0.3640167364016736,0.46875,0.10473326359832641,0.46875,0.10473326359832641,0.3984375,0.03442076359832641,0.375,0.01098326359832641
N003908,N003909,same,0.2212230215827338,0.25,0.028776978417266202,0.203125,0.018098021582733798,0.234375,0.013151978417266202,0.2109375,0.010285521582733798
N000664,N000666,same,0.3923337091319053,0.375,0.017333709131905295,0.375,0.017333709131905295,0.3828125,0.009521209131905295,0.41796875,0.025635040868094705
N004323,N009954,different,0.1318681318681318,0.09375,0.03811813186813179,0.109375,0.022493131868131788,0.1171875,0.014680631868131788,0.109375,0.022493131868131788
N010390,N011580,different,0.0972495088408644,0.09375,0.0034995088408644043,0.09375,0.0034995088408644043,0.09375,0.0034995088408644043,0.1015625,0.004312991159135596
N004880,N004881,same,0.8894289185905225,0.90625,0.016821081409477467,0.90625,0.016821081409477467,0.921875,0.03244608140947747,0.8984375,0.009008581409477467
N000818,N006620,different,0.1074870274277242,0.15625,0.0487629725722758,0.125,0.017512972572275798,0.1171875,0.009700472572275798,0.125,0.017512972572275798
N001043,N002862,different,0.162536443148688,0.21875,0.05621355685131199,0.171875,0.009338556851311991,0.1640625,0.001526056851311991,0.171875,0.009338556851311991
N000640,N011658,different,0.1055099648300117,0.1875,0.0819900351699883,0.109375,0.003865035169988304,0.0859375,0.019572464830011696,0.09375,0.011759964830011696
N008018,N008676,different,0.0754414125200642,0.125,0.0495585874799358,0.09375,0.0183085874799358,0.09375,0.0183085874799358,0.078125,0.0026835874799358006
N002685,N002686,same,0.4655462184873949,0.46875,0.003203781512605086,0.4375,0.028046218487394914,0.4140625,0.051483718487394914,0.4375,0.028046218487394914
N000449,N010133,different,0.14540059347181,0.125,0.020400593471810002,0.109375,0.03602559347181,0.15625,0.010849406528189998,0.1640625,0.018661906528189998
N004683,N007002,different,0.0996332518337408,0.125,0.025366748166259195,0.109375,0.009741748166259195,0.1015625,0.0019292481662591954,0.09375,0.005883251833740805
N010844,N011602,different,0.1452513966480447,0.15625,0.010998603351955294,0.09375,0.051501396648044706,0.109375,0.035876396648044706,0.13671875,0.008532646648044706
N002440,N002443,same,0.2863568215892054,0.46875,0.1823931784107946,0.34375,0.05739317841079461,0.359375,0.07301817841079461,0.30078125,0.01442442841079461
N001357,N003372,different,0.1467473524962178,0.15625,0.009502647503782213,0.125,0.021747352496217787,0.1484375,0.0016901475037822133,0.1640625,0.017315147503782213
N010856,N010857,same,0.6289640591966174,0.71875,0.08978594080338265,0.640625,0.011660940803382647,0.625,0.003964059196617353,0.6484375,0.019473440803382647
N005262,N005263,same,0.2835365853658536,0.5,0.21646341463414642,0.328125,0.04458841463414642,0.2890625,0.005525914634146423,0.26171875,0.021817835365853577
N000070,N004969,different,0.3337571519389701,0.21875,0.1150071519389701,0.296875,0.0368821519389701,0.265625,0.0681321519389701,0.328125,0.005632151938970098
N003615,N009126,different,0.3233190271816881,0.3125,0.01081902718168809,0.34375,0.02043097281831191,0.3046875,0.01863152718168809,0.33984375,0.01652472281831191
N003236,N006862,different,0.0861001688238604,0.125,0.0388998311761396,0.09375,0.007649831176139599,0.0703125,0.0157876688238604,0.0703125,0.0157876688238604
N001257,N005818,different,0.0948110185778347,0.125,0.030188981422165306,0.078125,0.016686018577834694,0.0859375,0.008873518577834694,0.10546875,0.010657731422165306
N001027,N005073,different,0.1403038427167113,0.15625,0.015946157283288687,0.109375,0.030928842716711313,0.15625,0.015946157283288687,0.16796875,0.027664907283288687
N002169,N011831,different,0.147656940760389,0.15625,0.008593059239611012,0.140625,0.007031940760388988,0.1328125,0.014844440760388988,0.16015625,0.012499309239611012
N002691,N005271,different,0.0987738419618528,0.15625,0.05747615803814719,0.078125,0.020648841961852807,0.078125,0.020648841961852807,0.078125,0.020648841961852807
N005141,N007639,different,0.1379310344827586,0.0625,0.07543103448275859,0.078125,0.05980603448275859,0.1015625,0.03636853448275859,0.12109375,0.01683728448275859
N000675,N005669,different,0.283571915473756,0.09375,0.189821915473756,0.234375,0.04919691547375599,0.25,0.03357191547375599,0.25390625,0.029665665473755987
N005337,N011060,different,0.0707743547044129,0.09375,0.0229756452955871,0.046875,0.0238993547044129,0.0546875,0.0160868547044129,0.0703125,0.00046185470441290066
N001699,N004758,different,0.0945541591861161,0.09375,0.0008041591861160935,0.0625,0.032054159186116093,0.09375,0.0008041591861160935,0.08984375,0.0047104091861160935
N007012,N009759,different,0.0990667623833453,0.15625,0.0571832376166547,0.109375,0.010308237616654697,0.1015625,0.0024957376166546974,0.09375,0.005316762383345303
N004855,N004856,same,0.5973568281938326,0.625,0.027643171806167377,0.59375,0.003606828193832623,0.6328125,0.03545567180616738,0.6015625,0.004205671806167377
N010491,N010492,same,0.6466666666666666,0.78125,0.1345833333333334,0.671875,0.025208333333333388,0.640625,0.006041666666666612,0.671875,0.025208333333333388
N003270,N006319,different,0.0843293492695883,0.15625,0.0719206507304117,0.09375,0.009420650730411706,0.09375,0.009420650730411706,0.08984375,0.005514400730411706
N003144,N011859,different,0.31328125,0.3125,0.0007812500000000111,0.359375,0.04609374999999999,0.265625,0.04765625000000001,0.3046875,0.008593750000000011
N000889,N000890,same,0.5994897959183674,0.625,0.025510204081632626,0.578125,0.021364795918367374,0.6015625,0.002072704081632626,0.58984375,0.009646045918367374
N001432,N001435,same,0.648320895522388,0.6875,0.03917910447761197,0.671875,0.02355410447761197,0.6328125,0.01550839552238803,0.64453125,0.00378964552238803
N008926,N010073,different,0.0964705882352941,0.21875,0.1222794117647059,0.171875,0.0754044117647059,0.109375,0.0129044117647059,0.1171875,0.0207169117647059
N006903,N010093,different,0.1134580567290283,0.03125,0.0822080567290283,0.109375,0.004083056729028298,0.09375,0.019708056729028298,0.09765625,0.015801806729028298
N000486,N000487,same,0.9681647940074908,1.0,0.03183520599250922,0.984375,0.01621020599250922,0.984375,0.01621020599250922,0.984375,0.01621020599250922
N006198,N007366,different,0.0944055944055944,0.09375,0.0006555944055944007,0.0625,0.0319055944055944,0.0390625,0.0553430944055944,0.078125,0.0162805944055944
N004084,N004085,same,0.6447368421052632,0.59375,0.050986842105263164,0.5625,0.08223684210526316,0.5859375,0.058799342105263164,0.62890625,0.015830592105263164
N007902,N007976,different,0.3400503778337531,0.28125,0.05880037783375308,0.265625,0.07442537783375308,0.21875,0.12130037783375308,0.296875,0.04317537783375308
N002019,N002021,same,0.4759229534510433,0.53125,0.055327046548956704,0.5,0.024077046548956704,0.484375,0.008452046548956704,0.4765625,0.0006395465489567043
N008725,N008728,same,0.6208333333333333,0.71875,0.09791666666666665,0.6875,0.06666666666666665,0.6484375,0.027604166666666652,0.6171875,0.003645833333333348
N001957,N001958,same,0.9729299363057324,0.9375,0.035429936305732435,0.96875,0.004179936305732435,0.9765625,0.0036325636942675654,0.95703125,0.015898686305732435
N005497,N008336,different,0.0771331058020477,0.15625,0.0791168941979523,0.078125,0.0009918941979523005,0.0625,0.0146331058020477,0.0703125,0.0068206058020476995
N009301,N009302,same,0.9567901234567902,0.96875,0.011959876543209846,0.96875,0.011959876543209846,0.9609375,0.004147376543209846,0.95703125,0.0002411265432098464
N008499,N008952,different,0.184458398744113,0.15625,0.02820839874411299,0.1875,0.003041601255887011,0.1796875,0.004770898744112989,0.19140625,0.006947851255887011
N002300,N003674,different,0.1021711366538952,0.125,0.022828863346104802,0.09375,0.008421136653895198,0.078125,0.024046136653895198,0.07421875,0.027952386653895198
N009680,N011001,different,0.0691823899371069,0.03125,0.0379323899371069,0.015625,0.0535573899371069,0.0390625,0.030119889937106903,0.0546875,0.014494889937106903
N005556,N006568,different,0.0852490421455938,0.09375,0.008500957854406202,0.0625,0.022749042145593798,0.0703125,0.014936542145593798,0.08984375,0.004594707854406202
N003574,N007121,different,0.1371391076115485,0.1875,0.05036089238845151,0.140625,0.0034858923884515114,0.140625,0.0034858923884515114,0.1328125,0.004326607611548489
N004353,N004355,same,0.5606060606060606,0.5,0.06060606060606055,0.546875,0.013731060606060552,0.59375,0.03314393939393945,0.5625,0.0018939393939394478
N004438,N004442,same,0.7453505007153076,0.8125,0.06714949928469238,0.796875,0.05152449928469238,0.75,0.004649499284692382,0.7421875,0.003163000715307618
N004678,N004680,same,0.845372460496614,0.84375,0.0016224604966139644,0.78125,0.06412246049661396,0.7890625,0.056309960496613964,0.8359375,0.009434960496613964
N000056,N009414,different,0.0707417582417582,0.03125,0.0394917582417582,0.03125,0.0394917582417582,0.0234375,0.0473042582417582,0.05078125,0.0199605082417582
N005365,N009764,different,0.1579335793357933,0.125,0.0329335793357933,0.09375,0.0641835793357933,0.1640625,0.0061289206642066996,0.1875,0.0295664206642067
N002248,N003503,different,0.1531823085221143,0.125,0.028182308522114313,0.09375,0.05943230852211431,0.109375,0.04380730852211431,0.12109375,0.03208855852211431
N010508,N010509,same,0.2839506172839506,0.3125,0.0285493827160494,0.390625,0.1066743827160494,0.359375,0.0754243827160494,0.3359375,0.0519868827160494
N001817,N007306,different,0.0861850443599493,0.09375,0.007564955640050705,0.0625,0.023685044359949295,0.0625,0.023685044359949295,0.0703125,0.015872544359949295
N003274,N007023,different,0.272984441301273,0.21875,0.05423444130127297,0.265625,0.007359441301272973,0.2578125,0.015171941301272973,0.26953125,0.003453191301272973
N005079,N005080,same,0.3261977573904179,0.40625,0.0800522426095821,0.34375,0.017552242609582103,0.34375,0.017552242609582103,0.33203125,0.005833492609582103
N000591,N011538,different,0.0934579439252336,0.09375,0.0002920560747664003,0.078125,0.0153329439252336,0.0859375,0.0075204439252336,0.10546875,0.0120108060747664
N009925,N010387,different,0.1040627227369921,0.21875,0.1146872772630079,0.140625,0.0365622772630079,0.1328125,0.028749777263007897,0.125,0.020937277263007897
N001053,N002186,different,0.1634328358208955,0.25,0.08656716417910451,0.171875,0.008442164179104511,0.15625,0.007182835820895489,0.17578125,0.012348414179104511
N008562,N009324,different,0.2786421499292786,0.28125,0.002607850070721396,0.375,0.0963578500707214,0.3203125,0.041670350070721396,0.30078125,0.022139100070721396
N000250,N003051,different,0.0934933670246367,0.0625,0.030993367024636703,0.078125,0.015368367024636703,0.09375,0.00025663297536329677,0.10546875,0.011975382975363297
N001525,N001678,different,0.2859237536656892,0.34375,0.05782624633431083,0.3125,0.026576246334310827,0.296875,0.010951246334310827,0.30078125,0.014857496334310827
N008599,N008602,same,0.4840132304299889,0.5,0.015986769570011106,0.515625,0.031611769570011106,0.5390625,0.055049269570011106,0.4921875,0.008174269570011106
N003942,N010918,different,0.1376306620209059,0.21875,0.0811193379790941,0.125,0.012630662020905903,0.140625,0.002994337979094097,0.16796875,0.030338087979094097
N002513,N007637,different,0.3067649028801071,0.1875,0.1192649028801071,0.25,0.056764902880107104,0.2109375,0.0958274028801071,0.26171875,0.045046152880107104
N009703,N009705,same,0.4839901477832512,0.53125,0.04725985221674878,0.515625,0.03163485221674878,0.5390625,0.05507235221674878,0.50390625,0.019916102216748777
N004315,N009584,different,0.286231884057971,0.5,0.213768115942029,0.421875,0.135643115942029,0.3828125,0.09658061594202899,0.3125,0.02626811594202899
N010620,N010621,same,0.9308578745198464,0.9375,0.006642125480153638,0.921875,0.008982874519846362,0.9453125,0.014454625480153638,0.9453125,0.014454625480153638
N008248,N008249,same,0.3384064458370636,0.3125,0.025906445837063585,0.234375,0.10403144583706359,0.34375,0.005343554162936415,0.36328125,0.024874804162936415
N005222,N005225,same,0.3567961165048544,0.4375,0.08070388349514562,0.375,0.018203883495145623,0.375,0.018203883495145623,0.33984375,0.016952366504854377
N002502,N002505,same,0.9257362355953904,0.90625,0.019486235595390422,0.90625,0.019486235595390422,0.9375,0.011763764404609578,0.92578125,4.501440460957795e-05
N006200,N006201,same,0.3536155202821869,0.375,0.0213844797178131,0.375,0.0213844797178131,0.359375,0.0057594797178130985,0.37890625,0.0252907297178131
N000217,N002582,different,0.1173498034811903,0.09375,0.0235998034811903,0.0625,0.0548498034811903,0.078125,0.0392248034811903,0.09375,0.0235998034811903
N001207,N004094,different,0.2112299465240641,0.25,0.0387700534759359,0.1875,0.0237299465240641,0.2265625,0.0153325534759359,0.234375,0.0231450534759359
N005453,N010471,different,0.146613545816733,0.15625,0.009636454183267001,0.140625,0.005988545816732999,0.1640625,0.017448954183267,0.1484375,0.0018239541832670014
N001063,N005024,different,0.1646248085758039,0.21875,0.05412519142419611,0.1875,0.022875191424196112,0.1484375,0.016187308575803888,0.16015625,0.004468558575803888
N000697,N005493,different,0.0663068619892058,0.03125,0.035056861989205795,0.015625,0.050681861989205795,0.0546875,0.011619361989205795,0.0546875,0.011619361989205795
N003555,N009272,different,0.0793051359516616,0.09375,0.014444864048338404,0.09375,0.014444864048338404,0.078125,0.0011801359516615956,0.08984375,0.010538614048338404
N005393,N007391,different,0.1392190152801358,0.125,0.014219015280135805,0.140625,0.001405984719864195,0.125,0.014219015280135805,0.13671875,0.002500265280135805
N006121,N009928,different,0.2727272727272727,0.28125,0.008522727272727293,0.265625,0.007102272727272707,0.2734375,0.0007102272727272929,0.30078125,0.028053977272727293
N004229,N006064,different,0.0764525993883792,0.0625,0.0139525993883792,0.03125,0.0452025993883792,0.046875,0.0295775993883792,0.07421875,0.0022338493883792
N003265,N010005,different,0.2411924119241192,0.28125,0.04005758807588081,0.234375,0.006817411924119193,0.28125,0.04005758807588081,0.26171875,0.020526338075880807
N007303,N007376,different,0.0827790096082779,0.125,0.0422209903917221,0.0625,0.0202790096082779,0.046875,0.0359040096082779,0.08203125,0.0007477596082779009
N005512,N007327,different,0.1870967741935484,0.09375,0.09334677419354839,0.125,0.06209677419354839,0.171875,0.015221774193548393,0.19921875,0.012121975806451607
N009065,N011122,different,0.0844947735191637,0.09375,0.009255226480836307,0.046875,0.03761977351916369,0.0546875,0.029807273519163693,0.09375,0.009255226480836307
N001376,N001377,same,0.3666369313113292,0.3125,0.054136931311329184,0.375,0.008363068688670816,0.3359375,0.030699431311329184,0.37890625,0.012269318688670816
N000357,N000359,same,0.6477857878475798,0.65625,0.008464212152420214,0.609375,0.038410787847579786,0.609375,0.038410787847579786,0.62109375,0.026692037847579786
N008677,N011938,different,0.1724444444444444,0.21875,0.0463055555555556,0.21875,0.0463055555555556,0.1875,0.0150555555555556,0.19140625,0.0189618055555556
N002197,N002198,same,0.4483159117305458,0.53125,0.0829340882694542,0.4375,0.010815911730545802,0.4609375,0.012621588269454198,0.48828125,0.0399653382694542
N001905,N005873,different,0.3272583201267829,0.34375,0.01649167987321709,0.328125,0.0008666798732170911,0.296875,0.03038332012678291,0.328125,0.0008666798732170911
N007497,N007499,same,0.6117216117216118,0.65625,0.04452838827838823,0.609375,0.002346611721611769,0.6328125,0.02109088827838823,0.61328125,0.0015596382783882312
N007334,N007335,same,0.920844327176781,0.875,0.045844327176781,0.921875,0.0010306728232190032,0.9375,0.016655672823219003,0.91796875,0.0028755771767809968
N002570,N005618,different,0.0920970752955818,0.15625,0.0641529247044182,0.09375,0.0016529247044182044,0.109375,0.017277924704418204,0.1171875,0.025090424704418204
N001074,N002707,different,0.0903030303030303,0.0625,0.0278030303030303,0.09375,0.0034469696969696983,0.0859375,0.004365530303030302,0.0859375,0.004365530303030302
N003691,N004544,different,0.075098814229249,0.09375,0.018651185770751005,0.078125,0.0030261857707510054,0.0625,0.012598814229248995,0.078125,0.0030261857707510054
N003415,N008452,different,0.3090252707581227,0.1875,0.1215252707581227,0.25,0.059025270758122694,0.1953125,0.1137127707581227,0.265625,0.043400270758122694
N011716,N011717,same,0.9684466019417476,0.96875,0.00030339805825241317,0.953125,0.015321601941747587,0.9609375,0.007509101941747587,0.95703125,0.011415351941747587
N001083,N011985,different,0.1822810590631364,0.125,0.05728105906313641,0.171875,0.010406059063136408,0.1796875,0.002593559063136408,0.17578125,0.006499809063136408
N011499,N011500,same,0.9854166666666668,1.0,0.01458333333333317,1.0,0.01458333333333317,0.9921875,0.0067708333333331705,0.99609375,0.01067708333333317
N004212,N009766,different,0.2657657657657657,0.25,0.015765765765765716,0.28125,0.015484234234234284,0.2578125,0.007953265765765716,0.28515625,0.019390484234234284
N002974,N006457,different,0.118141097424412,0.125,0.006858902575587994,0.09375,0.024391097424412006,0.0703125,0.047828597424412006,0.125,0.006858902575587994
N003854,N003855,same,0.601272534464475,0.8125,0.21122746553552496,0.640625,0.03935246553552496,0.65625,0.05497746553552496,0.61328125,0.01200871553552496
N005378,N005379,same,0.9411111111111112,0.90625,0.03486111111111123,0.9375,0.0036111111111112315,0.953125,0.012013888888888768,0.9375,0.0036111111111112315
N011829,N011830,same,0.9524886877828054,0.96875,0.016261312217194623,0.984375,0.03188631221719462,0.96875,0.016261312217194623,0.9609375,0.008448812217194623
N005326,N006145,different,0.1395147313691507,0.21875,0.07923526863084929,0.15625,0.016735268630849287,0.1484375,0.008922768630849287,0.16015625,0.020641518630849287
N006145,N006146,same,0.5334796926454446,0.59375,0.06027030735455541,0.546875,0.013395307354555408,0.609375,0.07589530735455541,0.5625,0.029020307354555408
N002008,N003498,different,0.1640350877192982,0.125,0.0390350877192982,0.109375,0.0546600877192982,0.15625,0.0077850877192982,0.171875,0.0078399122807018
N010513,N010514,same,0.9177958446251128,1.0,0.08220415537488723,0.90625,0.011545844625112767,0.90625,0.011545844625112767,0.8984375,0.019358344625112767
N000443,N006009,different,0.0799050632911392,0.125,0.045094936708860806,0.09375,0.013844936708860806,0.0703125,0.009592563291139194,0.07421875,0.0056863132911391945
N000043,N000050,same,0.9653937947494032,1.0,0.03460620525059677,1.0,0.03460620525059677,0.96875,0.0033562052505967666,0.96484375,0.0005500447494032334
N008967,N008968,same,0.2325581395348837,0.21875,0.01380813953488369,0.171875,0.06068313953488369,0.21875,0.01380813953488369,0.21875,0.01380813953488369
N002801,N002802,same,0.5607043558850788,0.75,0.18929564411492117,0.703125,0.14242064411492117,0.6875,0.12679564411492117,0.6171875,0.05648314411492117
N000119,N009303,different,0.0678353658536585,0.09375,0.0259146341463415,0.046875,0.0209603658536585,0.0390625,0.0287728658536585,0.0625,0.0053353658536585
N002058,N002059,same,0.9442190669371197,0.96875,0.024530933062880345,0.96875,0.024530933062880345,0.96875,0.024530933062880345,0.95703125,0.012812183062880345
N001325,N009136,different,0.127420998980632,0.125,0.002420998980632,0.09375,0.033670998980632,0.0859375,0.041483498980632,0.12109375,0.006327248980632
N003642,N009092,different,0.1447236180904522,0.1875,0.0427763819095478,0.125,0.0197236180904522,0.1328125,0.0119111180904522,0.16015625,0.0154326319095478
N004298,N004299,same,0.9509116409537168,0.9375,0.01341164095371683,0.921875,0.02903664095371683,0.9453125,0.00559914095371683,0.953125,0.00221335904628317
N007729,N007732,same,0.9693053311793216,0.96875,0.0005553311793216054,0.96875,0.0005553311793216054,0.96875,0.0005553311793216054,0.96875,0.0005553311793216054
N007652,N008774,different,0.3756805807622504,0.21875,0.15693058076225042,0.296875,0.07880558076225042,0.2890625,0.08661808076225042,0.37109375,0.004586830762250416
N000834,N001578,different,0.0902989627821842,0.09375,0.003451037217815797,0.0625,0.027798962782184203,0.0625,0.027798962782184203,0.0859375,0.004361462782184203
N002673,N009844,different,0.2776845637583892,0.25,0.02768456375838918,0.25,0.02768456375838918,0.2890625,0.01137793624161082,0.2578125,0.01987206375838918
N003008,N009152,different,0.1383701188455008,0.125,0.013370118845500795,0.140625,0.0022548811544992053,0.109375,0.028995118845500795,0.1328125,0.005557618845500795
N001326,N001328,same,0.5508021390374331,0.65625,0.10544786096256686,0.578125,0.027322860962566864,0.625,0.07419786096256686,0.60546875,0.054666610962566864
N009445,N009562,different,0.4446640316205533,0.25,0.1946640316205533,0.34375,0.10091403162055329,0.3203125,0.12435153162055329,0.3984375,0.04622653162055329
N005985,N009162,different,0.1014030612244897,0.0625,0.03890306122448969,0.078125,0.023278061224489693,0.078125,0.023278061224489693,0.09375,0.007653061224489693
N004071,N004072,same,0.9052631578947368,0.9375,0.03223684210526323,0.953125,0.04786184210526323,0.921875,0.01661184210526323,0.91796875,0.01270559210526323
N000384,N002019,different,0.0843853820598006,0.125,0.040614617940199396,0.078125,0.006260382059800604,0.09375,0.009364617940199396,0.109375,0.024989617940199396
N003494,N003495,same,0.1817325800376648,0.1875,0.005767419962335207,0.125,0.05673258003766479,0.15625,0.025482580037664793,0.19140625,0.009673669962335207
N005806,N011786,different,0.1144981412639405,0.125,0.010501858736059494,0.09375,0.020748141263940506,0.078125,0.036373141263940506,0.1015625,0.012935641263940506
N011420,N011984,different,0.3168812589413448,0.1875,0.12938125894134478,0.25,0.06688125894134478,0.2421875,0.07469375894134478,0.3046875,0.012193758941344779
N006646,N009384,different,0.0785773366418527,0.125,0.046422663358147306,0.09375,0.015172663358147306,0.078125,0.0004523366418526936,0.0859375,0.007360163358147306
N002639,N002640,same,0.8840399002493765,0.90625,0.02221009975062349,0.890625,0.006585099750623491,0.8828125,0.001227400249376509,0.890625,0.006585099750623491
N006541,N009386,different,0.2901701323251417,0.34375,0.053579867674858284,0.359375,0.06920486767485828,0.3359375,0.045767367674858284,0.31640625,0.026236117674858284
N006760,N008055,different,0.3215712383488682,0.1875,0.1340712383488682,0.203125,0.1184462383488682,0.2265625,0.0950087383488682,0.2890625,0.032508738348868194
N001785,N004629,different,0.2834267413931144,0.3125,0.029073258606885588,0.265625,0.017801741393114412,0.2734375,0.009989241393114412,0.3046875,0.021260758606885588
N000741,N000745,same,0.8818713450292398,0.8125,0.0693713450292398,0.8125,0.0693713450292398,0.84375,0.038121345029239806,0.86328125,0.018590095029239806
N008186,N009304,different,0.0994542146755609,0.1875,0.0880457853244391,0.109375,0.009920785324439102,0.1015625,0.002108285324439102,0.09765625,0.001797964675560898
N001323,N006364,different,0.1947368421052631,0.125,0.0697368421052631,0.140625,0.0541118421052631,0.1484375,0.0462993421052631,0.1796875,0.015049342105263097
N003863,N010008,different,0.1056578050443081,0.125,0.019342194955691894,0.125,0.019342194955691894,0.1015625,0.004095305044308106,0.11328125,0.007623444955691894
N000058,N000184,different,0.3255451713395638,0.375,0.04945482866043621,0.34375,0.018204828660436212,0.296875,0.028670171339563788,0.30859375,0.016951421339563788
N000412,N004657,different,0.1066176470588235,0.09375,0.012867647058823498,0.09375,0.012867647058823498,0.0625,0.0441176470588235,0.09375,0.012867647058823498
N000926,N003644,different,0.3418290854572713,0.3125,0.02932908545727131,0.34375,0.0019209145427286911,0.3125,0.02932908545727131,0.34765625,0.005827164542728691
N004369,N008199,different,0.1718027734976887,0.21875,0.04694722650231131,0.15625,0.015552773497688688,0.1640625,0.007740273497688688,0.1484375,0.023365273497688688
N003450,N006996,different,0.1279439847231063,0.125,0.0029439847231063077,0.125,0.0029439847231063077,0.0859375,0.04200648472310631,0.125,0.0029439847231063077
N004410,N006730,different,0.0824808184143222,0.0625,0.0199808184143222,0.03125,0.0512308184143222,0.0546875,0.0277933184143222,0.06640625,0.0160745684143222
N006041,N011988,different,0.0927835051546391,0.03125,0.061533505154639095,0.046875,0.045908505154639095,0.0703125,0.022471005154639095,0.0859375,0.006846005154639095
N004913,N010317,different,0.1699101796407185,0.15625,0.0136601796407185,0.140625,0.0292851796407185,0.1875,0.0175898203592815,0.19140625,0.0214960703592815
N007995,N007997,same,0.541371158392435,0.53125,0.010121158392434992,0.515625,0.025746158392434992,0.5,0.04137115839243499,0.53515625,0.006214908392434992
N001334,N006274,different,0.1018329938900203,0.0625,0.039332993890020304,0.046875,0.054957993890020304,0.0546875,0.047145493890020304,0.08984375,0.011989243890020304
N004939,N011284,different,0.0746478873239436,0.09375,0.019102112676056396,0.0625,0.012147887323943604,0.0625,0.012147887323943604,0.078125,0.003477112676056396
N005634,N006584,different,0.1384335154826958,0.0625,0.07593351548269581,0.078125,0.06030851548269581,0.109375,0.029058515482695807,0.140625,0.002191484517304193
N003301,N003302,same,0.5773508594539939,0.59375,0.016399140546006108,0.625,0.04764914054600611,0.6640625,0.08671164054600611,0.64453125,0.06718039054600611
N002267,N010375,different,0.153933865450399,0.125,0.028933865450399,0.125,0.028933865450399,0.15625,0.002316134549601001,0.16015625,0.006222384549601001
N003158,N007300,different,0.1354632587859424,0.1875,0.0520367412140576,0.15625,0.020786741214057602,0.1328125,0.0026507587859423976,0.140625,0.0051617412140576024
N002085,N007988,different,0.1443089430894309,0.1875,0.0431910569105691,0.140625,0.003683943089430902,0.125,0.019308943089430902,0.1171875,0.027121443089430902
N001118,N001120,same,0.8758029978586723,0.875,0.0008029978586723274,0.84375,0.03205299785867233,0.8671875,0.008615497858672327,0.86328125,0.012521747858672327
N000030,N006079,different,0.1613832853025936,0.1875,0.026116714697406396,0.140625,0.020758285302593604,0.1328125,0.028570785302593604,0.16796875,0.006585464697406396
N005137,N009628,different,0.1541425818882466,0.21875,0.06460741811175341,0.15625,0.002107418111753412,0.140625,0.013517581888246588,0.14453125,0.009611331888246588
N004055,N008225,different,0.0862944162436548,0.0625,0.023794416243654803,0.046875,0.0394194162436548,0.0546875,0.0316069162436548,0.07421875,0.012075666243654803
N001879,N004065,different,0.1063569682151589,0.09375,0.0126069682151589,0.109375,0.0030180317848410992,0.0859375,0.0204194682151589,0.10546875,0.0008882182151589008
N000486,N011101,different,0.1692307692307692,0.28125,0.11201923076923079,0.21875,0.04951923076923079,0.1953125,0.026081730769230788,0.19921875,0.029987980769230788
N007430,N010330,different,0.3251231527093596,0.28125,0.0438731527093596,0.28125,0.0438731527093596,0.28125,0.0438731527093596,0.3359375,0.010814347290640403
N006041,N009700,different,0.3222698072805139,0.28125,0.04101980728051391,0.265625,0.05664480728051391,0.328125,0.005855192719486091,0.328125,0.005855192719486091
N000297,N003849,different,0.0932260228034875,0.09375,0.0005239771965124956,0.09375,0.0005239771965124956,0.0859375,0.007288522803487504,0.09765625,0.004430227196512496
N003611,N007188,different,0.1410138248847926,0.15625,0.01523617511520739,0.125,0.01601382488479261,0.1015625,0.03945132488479261,0.12109375,0.01992007488479261
N009978,N009979,same,0.4236675700090334,0.46875,0.04508242999096662,0.40625,0.01741757000903338,0.4375,0.013832429990966622,0.41015625,0.013511320009033378
N001022,N001023,same,0.6022514071294559,0.78125,0.1789985928705441,0.65625,0.05399859287054409,0.6328125,0.030561092870544093,0.5703125,0.03193890712945591
N001629,N005005,different,0.1293051359516616,0.125,0.004305135951661598,0.125,0.004305135951661598,0.15625,0.0269448640483384,0.16015625,0.0308511140483384
N002923,N007247,different,0.0982658959537572,0.09375,0.004515895953757204,0.09375,0.004515895953757204,0.109375,0.011109104046242796,0.140625,0.042359104046242796
N003164,N009587,different,0.1013147718484145,0.125,0.023685228151585497,0.0625,0.0388147718484145,0.0859375,0.015377271848414503,0.09765625,0.0036585218484145032
N006832,N010598,different,0.1131428571428571,0.09375,0.0193928571428571,0.09375,0.0193928571428571,0.1015625,0.0115803571428571,0.1171875,0.004044642857142899
N006511,N006512,same,0.6179673321234119,0.5625,0.05546733212341193,0.578125,0.03984233212341193,0.625,0.007032667876588072,0.609375,0.008592332123411928
N002304,N009060,different,0.086021505376344,0.15625,0.070228494623656,0.125,0.038978494623656004,0.109375,0.023353494623656004,0.1015625,0.015540994623656004
N002106,N006701,different,0.1584077985377741,0.09375,0.06465779853777409,0.09375,0.06465779853777409,0.1015625,0.05684529853777409,0.13671875,0.02168904853777409
N006856,N006857,same,0.5646651270207852,0.5,0.0646651270207852,0.453125,0.1115401270207852,0.5078125,0.056852627020785196,0.54296875,0.021696377020785196
N003821,N009085,different,0.3829383886255924,0.5,0.11706161137440763,0.421875,0.038936611374407626,0.34375,0.039188388625592374,0.42578125,0.042842861374407626
N004522,N009816,different,0.4218905472636816,0.4375,0.015609452736318419,0.4375,0.015609452736318419,0.3828125,0.03907804726368158,0.4453125,0.02342195273631842
N008514,N008515,same,0.4149043303121853,0.5625,0.14759566968781468,0.53125,0.11634566968781468,0.484375,0.06947066968781468,0.48828125,0.07337691968781468
N008382,N009718,different,0.078207381370826,0.125,0.046792618629174,0.0625,0.015707381370826,0.078125,8.238137082600128e-05,0.078125,8.238137082600128e-05
N005805,N011332,different,0.3608617594254937,0.28125,0.0796117594254937,0.28125,0.0796117594254937,0.2734375,0.0874242594254937,0.3359375,0.0249242594254937
N004216,N004699,different,0.1518867924528301,0.1875,0.0356132075471699,0.125,0.0268867924528301,0.1328125,0.0190742924528301,0.12890625,0.0229805424528301
N001432,N008873,different,0.2694158075601374,0.40625,0.1368341924398626,0.34375,0.07433419243986261,0.296875,0.027459192439862612,0.26953125,0.00011544243986261193
N002149,N003382,different,0.0749128919860627,0.0625,0.012412891986062699,0.046875,0.0280378919860627,0.1015625,0.0266496080139373,0.10546875,0.0305558580139373
N004731,N009345,different,0.297808764940239,0.3125,0.014691235059760999,0.296875,0.0009337649402390014,0.3359375,0.038128735059761,0.3125,0.014691235059760999
N002163,N002307,different,0.2573266619013581,0.21875,0.03857666190135811,0.203125,0.05420166190135811,0.25,0.007326661901358111,0.25,0.007326661901358111
N002952,N008752,different,0.1619850187265917,0.125,0.03698501872659171,0.09375,0.06823501872659171,0.15625,0.005735018726591712,0.16015625,0.0018287687265917119
N000745,N005843,different,0.1470588235294117,0.1875,0.040441176470588314,0.140625,0.006433823529411686,0.1484375,0.0013786764705883137,0.14453125,0.0025275735294116863
N005260,N011019,different,0.0688073394495412,0.09375,0.024942660550458795,0.046875,0.021932339449541205,0.0625,0.006307339449541205,0.06640625,0.002401089449541205
N002299,N009882,different,0.0745967741935483,0.0625,0.012096774193548293,0.0625,0.012096774193548293,0.046875,0.027721774193548293,0.06640625,0.008190524193548293
N002171,N005867,different,0.1353996737357259,0.15625,0.020850326264274105,0.125,0.010399673735725895,0.15625,0.020850326264274105,0.14453125,0.009131576264274105
N005334,N007457,different,0.146218487394958,0.0625,0.08371848739495799,0.0625,0.08371848739495799,0.109375,0.03684348739495799,0.12890625,0.01731223739495799
N005304,N005305,same,0.8472686733556298,0.9375,0.09023132664437017,0.90625,0.05898132664437017,0.8515625,0.004293826644370169,0.8515625,0.004293826644370169
N005134,N005135,same,0.58469475494411,0.8125,0.22780524505588995,0.703125,0.11843024505588995,0.6953125,0.11061774505588995,0.625,0.04030524505588995
N000982,N005390,different,0.1702702702702702,0.125,0.045270270270270196,0.125,0.045270270270270196,0.1484375,0.021832770270270196,0.15234375,0.017926520270270196
N002992,N009046,different,0.2917933130699088,0.28125,0.0105433130699088,0.265625,0.0261683130699088,0.28125,0.0105433130699088,0.28515625,0.0066370630699088
N000628,N000633,same,0.3013856812933025,0.34375,0.04236431870669749,0.296875,0.00451068129330251,0.2578125,0.04357318129330251,0.31640625,0.01502056870669749
N000573,N006170,different,0.0914777169663799,0.15625,0.0647722830336201,0.09375,0.0022722830336201066,0.09375,0.0022722830336201066,0.09765625,0.006178533033620107
N010406,N010408,same,0.865979381443299,0.9375,0.071520618556701,0.90625,0.040270618556701,0.921875,0.055895618556701,0.8828125,0.016833118556701
N002446,N002447,same,0.5911799761620977,0.625,0.03382002383790228,0.546875,0.04430497616209772,0.53125,0.05992997616209772,0.55078125,0.04039872616209772
N000735,N001335,different,0.3309061488673139,0.25,0.0809061488673139,0.28125,0.0496561488673139,0.3125,0.0184061488673139,0.3515625,0.0206563511326861
N008238,N011480,different,0.2698548249359522,0.34375,0.0738951750640478,0.359375,0.0895201750640478,0.3515625,0.0817076750640478,0.3125,0.0426451750640478
N000321,N000443,different,0.0769903762029746,0.15625,0.0792596237970254,0.09375,0.016759623797025405,0.046875,0.030115376202974595,0.07421875,0.0027716262029745947
N007541,N007546,same,0.2680890538033395,0.34375,0.07566094619666047,0.296875,0.028785946196660472,0.28125,0.013160946196660472,0.26953125,0.0014421961966604724
N002683,N007848,different,0.0800299177262528,0.03125,0.0487799177262528,0.03125,0.0487799177262528,0.0390625,0.0409674177262528,0.078125,0.0019049177262528
N009983,N009985,same,0.2240943555181128,0.34375,0.1196556444818872,0.203125,0.020969355518112798,0.2265625,0.0024681444818872023,0.2109375,0.013156855518112798
N007568,N007570,same,0.4042328042328042,0.46875,0.06451719576719578,0.359375,0.04485780423280422,0.390625,0.013607804232804221,0.40625,0.0020171957671957785
N005448,N005962,different,0.1550855991943605,0.125,0.03008559919436049,0.109375,0.04571059919436049,0.140625,0.01446059919436049,0.1484375,0.006648099194360491
N004767,N004768,same,0.8966165413533834,0.84375,0.05286654135338342,0.875,0.021616541353383423,0.8984375,0.0018209586466165772,0.8828125,0.013804041353383423
N007023,N007916,different,0.264367816091954,0.34375,0.07938218390804602,0.28125,0.016882183908046022,0.2265625,0.03780531609195398,0.29296875,0.028600933908046022
N000315,N000316,same,0.5152792413066386,0.4375,0.0777792413066386,0.46875,0.0465292413066386,0.484375,0.030904241306638602,0.4921875,0.023091741306638602
N001578,N002947,different,0.0990783410138248,0.125,0.025921658986175197,0.078125,0.020953341013824803,0.0703125,0.028765841013824803,0.0859375,0.013140841013824803
N009857,N010711,different,0.1628113879003558,0.15625,0.006561387900355792,0.15625,0.006561387900355792,0.1796875,0.016876112099644208,0.16015625,0.0026551379003557918
N002290,N003634,different,0.3151476251604621,0.125,0.19014762516046207,0.171875,0.14327262516046207,0.1796875,0.13546012516046207,0.28125,0.033897625160462075
N011438,N011440,same,0.6128668171557562,0.59375,0.019116817155756194,0.5625,0.050366817155756194,0.578125,0.034741817155756194,0.5859375,0.026929317155756194
N010035,N011646,different,0.2261580381471389,0.3125,0.08634196185286111,0.25,0.02384196185286111,0.2890625,0.06290446185286111,0.26171875,0.03556071185286111
N001295,N001296,same,0.6030444964871194,0.59375,0.009294496487119441,0.59375,0.009294496487119441,0.59375,0.009294496487119441,0.57421875,0.02882574648711944
N005825,N010265,different,0.1471861471861472,0.25,0.1028138528138528,0.1875,0.0403138528138528,0.1640625,0.016876352813852802,0.203125,0.0559388528138528
N002351,N005508,different,0.2903663500678426,0.28125,0.009116350067842616,0.234375,0.055991350067842616,0.2421875,0.048178850067842616,0.26171875,0.028647600067842616
N011075,N011077,same,0.938132733408324,0.96875,0.030617266591675962,0.921875,0.016257733408324038,0.9453125,0.007179766591675962,0.9375,0.0006327334083240377
N011335,N011336,same,0.3637236084452975,0.28125,0.0824736084452975,0.296875,0.0668486084452975,0.375,0.011276391554702503,0.37890625,0.015182641554702503
N000514,N011152,different,0.2706422018348624,0.3125,0.04185779816513763,0.28125,0.010607798165137627,0.3046875,0.03404529816513763,0.296875,0.026232798165137627
N010762,N010766,same,0.9164648910411622,1.0,0.08353510895883776,1.0,0.08353510895883776,0.953125,0.036660108958837756,0.9453125,0.028847608958837756
N001314,N003288,different,0.3101514301738642,0.21875,0.0914014301738642,0.234375,0.0757764301738642,0.2265625,0.0835889301738642,0.3125,0.0023485698261357935
N001403,N001405,same,0.192573402417962,0.1875,0.005073402417962003,0.140625,0.051948402417962,0.1640625,0.028510902417962003,0.1796875,0.012885902417962003
N010389,N010391,same,0.8149556400506971,0.78125,0.033705640050697094,0.84375,0.028794359949302906,0.828125,0.013169359949302906,0.828125,0.013169359949302906
N001258,N001261,same,0.8403263403263403,0.84375,0.0034236596736596514,0.859375,0.01904865967365965,0.8515625,0.011236159673659651,0.8515625,0.011236159673659651
N003574,N011053,different,0.2737611697806661,0.21875,0.055011169780666114,0.25,0.023761169780666114,0.3046875,0.030926330219333886,0.29296875,0.019207580219333886
N001484,N005371,different,0.2489051094890511,0.28125,0.03234489051094891,0.21875,0.03015510948905109,0.21875,0.03015510948905109,0.2421875,0.006717609489051091
N005426,N005427,same,0.9184027777777778,0.96875,0.05034722222222221,0.921875,0.00347222222222221,0.9375,0.01909722222222221,0.91015625,0.00824652777777779
N008443,N010211,different,0.1024165707710011,0.09375,0.008666570771001095,0.078125,0.024291570771001095,0.0546875,0.047729070771001095,0.08984375,0.012572820771001095
N005517,N011613,different,0.0772532188841201,0.15625,0.0789967811158799,0.09375,0.016496781115879905,0.1015625,0.024309281115879905,0.1015625,0.024309281115879905
N005828,N010514,different,0.0763660302830809,0.0625,0.013866030283080893,0.03125,0.045116030283080893,0.0234375,0.052928530283080893,0.06640625,0.009959780283080893
N011154,N011156,same,0.6429170159262364,0.59375,0.0491670159262364,0.5625,0.0804170159262364,0.671875,0.0289579840737636,0.609375,0.0335420159262364
N002595,N003310,different,0.1440501043841336,0.15625,0.012199895615866402,0.1875,0.0434498956158664,0.1796875,0.0356373956158664,0.19140625,0.0473561456158664
N008630,N011336,different,0.3806509945750452,0.3125,0.0681509945750452,0.3125,0.0681509945750452,0.3046875,0.0759634945750452,0.33984375,0.0408072445750452
N004951,N008794,different,0.2469135802469135,0.3125,0.06558641975308649,0.265625,0.01871141975308649,0.2734375,0.02652391975308649,0.265625,0.01871141975308649
N000391,N004186,different,0.2969215491559086,0.25,0.046921549155908626,0.25,0.046921549155908626,0.2578125,0.039109049155908626,0.27734375,0.019577799155908626
N000166,N008677,different,0.1575282854656222,0.03125,0.1262782854656222,0.09375,0.0637782854656222,0.1171875,0.0403407854656222,0.1484375,0.009090785465622198
N009154,N011317,different,0.1643598615916955,0.21875,0.054390138408304506,0.1875,0.023140138408304506,0.1640625,0.00029736159169549414,0.21875,0.054390138408304506
N002589,N009612,different,0.2868068833652007,0.28125,0.0055568833652007155,0.28125,0.0055568833652007155,0.328125,0.041318116634799285,0.30078125,0.013974366634799285
N008268,N009916,different,0.2641509433962264,0.34375,0.07959905660377359,0.3125,0.04834905660377359,0.3046875,0.04053655660377359,0.2890625,0.024911556603773588
N002316,N002317,same,0.4533648170011806,0.5,0.04663518299881941,0.453125,0.00023981700118058669,0.484375,0.031010182998819413,0.4609375,0.007572682998819413
N006596,N011033,different,0.0980113636363636,0.125,0.026988636363636395,0.125,0.026988636363636395,0.1015625,0.003551136363636395,0.11328125,0.015269886363636395
N010106,N010107,same,0.3946053946053946,0.46875,0.07414460539460538,0.390625,0.0039803946053946215,0.4375,0.04289460539460538,0.40234375,0.0077383553946053785
N008409,N008410,same,0.9393939393939394,0.96875,0.029356060606060552,0.96875,0.029356060606060552,0.9375,0.0018939393939394478,0.93359375,0.005800189393939448
N001937,N007430,different,0.3319570602807597,0.5625,0.23054293971924028,0.484375,0.15241793971924028,0.34375,0.01179293971924028,0.36328125,0.03132418971924028
N000078,N006886,different,0.201058201058201,0.3125,0.11144179894179901,0.25,0.04894179894179901,0.265625,0.06456679894179901,0.26171875,0.06066054894179901
N010999,N011001,same,0.291932059447983,0.375,0.083067940552017,0.3125,0.020567940552016994,0.3203125,0.028380440552016994,0.29296875,0.0010366905520169944
N001357,N010788,different,0.1478599221789883,0.15625,0.008390077821011699,0.1875,0.0396400778210117,0.171875,0.0240150778210117,0.1484375,0.0005775778210116989
N000906,N011149,different,0.178021978021978,0.125,0.053021978021978,0.125,0.053021978021978,0.171875,0.006146978021978,0.18359375,0.005571771978022
N003435,N009318,different,0.1772053083528493,0.21875,0.04154469164715069,0.15625,0.02095530835284931,0.1796875,0.002482191647150689,0.18359375,0.006388441647150689
N002916,N004445,different,0.1953125,0.21875,0.0234375,0.21875,0.0234375,0.234375,0.0390625,0.22265625,0.02734375
N003770,N011367,different,0.1791907514450867,0.21875,0.0395592485549133,0.15625,0.0229407514450867,0.1796875,0.0004967485549133011,0.18359375,0.004402998554913301
N010980,N010981,same,0.6417157275021026,0.75,0.1082842724978974,0.75,0.1082842724978974,0.7265625,0.0848467724978974,0.671875,0.030159272497897405
N005040,N005041,same,0.8434504792332268,0.8125,0.030950479233226802,0.8125,0.030950479233226802,0.828125,0.015325479233226802,0.84765625,0.004205770766773198
N008937,N008938,same,0.2071197411003236,0.21875,0.011630258899676393,0.1875,0.019619741100323607,0.203125,0.003994741100323607,0.19921875,0.007900991100323607
N002071,N006588,different,0.1064327485380117,0.28125,0.1748172514619883,0.171875,0.0654422514619883,0.171875,0.0654422514619883,0.12890625,0.0224735014619883
N010261,N011914,different,0.3001336898395721,0.375,0.07486631016042788,0.34375,0.043616310160427885,0.3046875,0.004553810160427885,0.33984375,0.039710060160427885
N000670,N000671,same,0.8675914249684742,0.90625,0.03865857503152581,0.859375,0.00821642496847419,0.859375,0.00821642496847419,0.88671875,0.01912732503152581
N000489,N007029,different,0.2322404371584699,0.34375,0.1115095628415301,0.234375,0.002134562841530102,0.2578125,0.025572062841530102,0.26171875,0.029478312841530102
N007633,N010942,different,0.1265923566878981,0.0625,0.06409235668789809,0.046875,0.07971735668789809,0.0703125,0.05627985668789809,0.0859375,0.04065485668789809
N005243,N006569,different,0.0957015409570154,0.09375,0.001951540957015399,0.078125,0.0175765409570154,0.09375,0.001951540957015399,0.09765625,0.001954709042984601
N001083,N001567,different,0.1455576559546313,0.15625,0.010692344045368701,0.109375,0.0361826559546313,0.1484375,0.0028798440453687013,0.1484375,0.0028798440453687013
N000282,N006591,different,0.1393786733837111,0.1875,0.0481213266162889,0.140625,0.0012463266162889008,0.125,0.0143786733837111,0.11328125,0.0260974233837111
N003362,N003364,same,0.9809825673534072,0.9375,0.043482567353407164,0.953125,0.027857567353407164,0.96875,0.012232567353407164,0.96875,0.012232567353407164
N005927,N008816,different,0.351423487544484,0.28125,0.07017348754448399,0.375,0.023576512455516008,0.296875,0.05454848754448399,0.33984375,0.011579737544483992
N001289,N001291,same,0.2361769352290679,0.3125,0.07632306477093209,0.234375,0.001801935229067908,0.2734375,0.03726056477093209,0.28125,0.04507306477093209
N005231,N005232,same,0.8878504672897196,0.96875,0.08089953271028039,0.890625,0.0027745327102803863,0.8984375,0.010587032710280386,0.91015625,0.022305782710280386
N003835,N003837,same,0.6961471103327496,0.71875,0.022602889667250436,0.65625,0.039897110332749564,0.6171875,0.07895961033274956,0.671875,0.024272110332749564
N004167,N005115,different,0.3166815343443354,0.21875,0.09793153434433538,0.296875,0.01980653434433538,0.3125,0.00418153434433538,0.328125,0.01144346565566462
N002040,N003281,different,0.1557507987220447,0.15625,0.0004992012779553023,0.171875,0.016124201277955302,0.1640625,0.008311701277955302,0.15234375,0.0034070487220446977
N002605,N010853,different,0.3170234454638124,0.34375,0.026726554536187608,0.375,0.05797655453618761,0.359375,0.04235155453618761,0.32421875,0.007195304536187608
N011139,N011793,different,0.0953488372093023,0.09375,0.0015988372093023034,0.046875,0.0484738372093023,0.0625,0.0328488372093023,0.10546875,0.010119912790697697
N001458,N002506,different,0.1344860710854947,0.15625,0.021763928914505293,0.171875,0.03738892891450529,0.140625,0.006138928914505293,0.140625,0.006138928914505293
N007148,N011853,different,0.3504482477587612,0.3125,0.03794824775876121,0.328125,0.02232324775876121,0.3046875,0.04576074775876121,0.35546875,0.005020502241238789
N001791,N008583,different,0.2777300085984522,0.21875,0.058980008598452205,0.296875,0.019144991401547795,0.296875,0.019144991401547795,0.30859375,0.030863741401547795
N008993,N008995,same,0.8443804034582133,0.875,0.030619596541786698,0.84375,0.0006304034582133022,0.8828125,0.0384320965417867,0.86328125,0.018900846541786698
N004043,N004218,different,0.2573839662447257,0.21875,0.038633966244725704,0.25,0.007383966244725704,0.2421875,0.015196466244725704,0.23046875,0.026915216244725704
N011601,N011603,same,0.8507462686567164,0.90625,0.05550373134328357,0.921875,0.07112873134328357,0.890625,0.03987873134328357,0.8828125,0.03206623134328357
N002945,N010292,different,0.1202860858257477,0.1875,0.0672139141742523,0.125,0.004713914174252307,0.1171875,0.0030985858257476934,0.12109375,0.0008076641742523066
N006385,N011130,different,0.2685765443151298,0.34375,0.07517345568487022,0.28125,0.012673455684870216,0.2890625,0.020485955684870216,0.30078125,0.032204705684870216
N006764,N009477,different,0.2910521140609636,0.375,0.0839478859390364,0.296875,0.005822885939036404,0.296875,0.005822885939036404,0.3203125,0.029260385939036404
N004409,N011892,different,0.1442369607211848,0.21875,0.0745130392788152,0.140625,0.0036119607211848037,0.1328125,0.011424460721184804,0.15625,0.012013039278815196
N000023,N002700,different,0.2498054474708171,0.28125,0.031444552529182906,0.328125,0.0783195525291829,0.2578125,0.008007052529182906,0.24609375,0.0037116974708170936
N001669,N003264,different,0.1483126110124334,0.09375,0.0545626110124334,0.078125,0.0701876110124334,0.1015625,0.0467501110124334,0.125,0.0233126110124334
N002831,N008460,different,0.0958429561200923,0.09375,0.002092956120092304,0.046875,0.048967956120092304,0.0625,0.033342956120092304,0.09375,0.002092956120092304
N004184,N005163,different,0.0921985815602836,0.09375,0.001551418439716401,0.09375,0.001551418439716401,0.0859375,0.006261081560283599,0.12109375,0.0288951684397164
N009665,N011482,different,0.0640050697084917,0.1875,0.1234949302915083,0.109375,0.045369930291508306,0.0703125,0.006307430291508306,0.0703125,0.006307430291508306
N000340,N009553,different,0.0751488095238095,0.03125,0.04389880952380951,0.03125,0.04389880952380951,0.0703125,0.004836309523809507,0.0703125,0.004836309523809507
N002043,N008828,different,0.1391880695940348,0.09375,0.04543806959403479,0.078125,0.06106306959403479,0.0859375,0.05325056959403479,0.10546875,0.03371931959403479
N003466,N003469,same,0.5807086614173228,0.59375,0.013041338582677198,0.546875,0.0338336614173228,0.6015625,0.020853838582677198,0.5859375,0.005228838582677198
N005064,N005067,same,0.6571691176470589,0.625,0.032169117647058876,0.625,0.032169117647058876,0.640625,0.016544117647058876,0.640625,0.016544117647058876
N000030,N007467,different,0.1510204081632653,0.1875,0.03647959183673469,0.171875,0.020854591836734687,0.1484375,0.002582908163265313,0.15625,0.005229591836734687
N011900,N011901,same,0.530239099859353,0.5625,0.032260900140646975,0.53125,0.0010109001406469753,0.5625,0.032260900140646975,0.5546875,0.024448400140646975
N006901,N008943,different,0.1622992392223161,0.15625,0.006049239222316094,0.15625,0.006049239222316094,0.1484375,0.013861739222316094,0.13671875,0.025580489222316094
N003415,N005750,different,0.0863531225905936,0.03125,0.055103122590593606,0.046875,0.039478122590593606,0.0390625,0.047290622590593606,0.08203125,0.004321872590593606
N005350,N005352,same,0.3311688311688311,0.40625,0.07508116883116889,0.296875,0.03429383116883111,0.3046875,0.026481331168831113,0.3359375,0.004768668831168887
N007614,N008823,different,0.0955710955710955,0.09375,0.001821095571095499,0.0625,0.0330710955710955,0.0546875,0.0408835955710955,0.078125,0.0174460955710955
N004333,N008255,different,0.1396895787139689,0.0625,0.07718957871396889,0.0625,0.07718957871396889,0.09375,0.04593957871396889,0.11328125,0.026408328713968893
N009495,N009521,different,0.0991735537190082,0.0625,0.0366735537190082,0.046875,0.0522985537190082,0.0625,0.0366735537190082,0.078125,0.021048553719008198
N006462,N006463,same,0.9388264669163544,1.0,0.06117353308364559,0.96875,0.029923533083645593,0.9765625,0.03773603308364559,0.94140625,0.0025797830836455926
N001629,N008262,different,0.1915584415584415,0.21875,0.02719155844155849,0.1875,0.004058441558441511,0.2265625,0.03500405844155849,0.22265625,0.03109780844155849
N002516,N010795,different,0.1689933872152828,0.125,0.043993387215282787,0.109375,0.059618387215282787,0.109375,0.059618387215282787,0.14453125,0.024462137215282787
N006622,N006623,same,0.7379912663755459,0.875,0.1370087336244541,0.75,0.012008733624454093,0.71875,0.019241266375545907,0.72265625,0.015335016375545907
N010081,N010082,same,0.6568386568386568,0.65625,0.0005886568386568314,0.609375,0.04746365683865683,0.65625,0.0005886568386568314,0.62109375,0.03574490683865683
N007560,N007561,same,0.5814634146341463,0.53125,0.0502134146341463,0.53125,0.0502134146341463,0.5859375,0.004474085365853697,0.59375,0.012286585365853697
N005941,N006998,different,0.3558875219683655,0.34375,0.012137521968365483,0.34375,0.012137521968365483,0.2890625,0.06682502196836548,0.32421875,0.03166877196836548
N004062,N004438,different,0.1415384615384615,0.09375,0.0477884615384615,0.09375,0.0477884615384615,0.1171875,0.024350961538461502,0.1484375,0.006899038461538498
N000990,N002973,different,0.084899546338302,0.09375,0.008850453661697996,0.046875,0.038024546338302004,0.0703125,0.014587046338302004,0.08984375,0.004944203661697996
N008321,N008641,different,0.2898172323759791,0.28125,0.008567232375979117,0.25,0.03981723237597912,0.2265625,0.06325473237597912,0.26171875,0.028098482375979117
N008561,N008562,same,0.6104910714285714,0.625,0.014508928571428603,0.625,0.014508928571428603,0.6484375,0.0379464285714286,0.609375,0.0011160714285713969
N001360,N001361,same,0.9364791288566244,1.0,0.06352087114337557,0.984375,0.04789587114337557,0.9453125,0.008833371143375568,0.94140625,0.004927121143375568
N008993,N008994,same,0.9569230769230768,0.96875,0.011826923076923235,0.921875,0.035048076923076765,0.9453125,0.011610576923076765,0.94140625,0.015516826923076765
N005108,N005109,same,0.6783018867924528,0.53125,0.14705188679245285,0.625,0.053301886792452846,0.640625,0.037676886792452846,0.6640625,0.014239386792452846
N001983,N001984,same,0.5324189526184538,0.625,0.09258104738154616,0.546875,0.014456047381546155,0.578125,0.045706047381546155,0.55078125,0.018362297381546155
N006038,N009049,different,0.0978613091380427,0.15625,0.058388690861957304,0.140625,0.042763690861957304,0.09375,0.004111309138042696,0.09765625,0.00020505913804269582
N001413,N007076,different,0.1462383770076077,0.25,0.1037616229923923,0.171875,0.025636622992392305,0.1484375,0.002199122992392305,0.16796875,0.021730372992392305
N005772,N005776,same,0.28125,0.375,0.09375,0.25,0.03125,0.265625,0.015625,0.28515625,0.00390625
N000237,N009075,different,0.289278489548213,0.28125,0.008028489548213003,0.25,0.039278489548213,0.265625,0.023653489548213003,0.26171875,0.027559739548213003
N011043,N011048,same,0.2190812720848056,0.3125,0.0934187279151944,0.203125,0.0159562720848056,0.265625,0.0465437279151944,0.234375,0.0152937279151944
N004742,N006981,different,0.1411764705882353,0.09375,0.04742647058823529,0.109375,0.03180147058823529,0.1328125,0.008363970588235292,0.12890625,0.012270220588235292
N004801,N004802,same,0.5285565939771547,0.46875,0.05980659397715471,0.46875,0.05980659397715471,0.5390625,0.01050590602284529,0.51953125,0.00902534397715471
N003994,N003995,same,0.1904427266338721,0.15625,0.0341927266338721,0.140625,0.0498177266338721,0.1484375,0.0420052266338721,0.17578125,0.0146614766338721
N000643,N009675,different,0.3375104427736006,0.28125,0.056260442773600594,0.296875,0.040635442773600594,0.265625,0.0718854427736006,0.3359375,0.001572942773600594
N006086,N006087,same,0.8858131487889274,0.875,0.010813148788927363,0.890625,0.0048118512110726375,0.890625,0.0048118512110726375,0.88671875,0.0009056012110726375
N000266,N010102,different,0.1803444782168186,0.15625,0.024094478216818593,0.15625,0.024094478216818593,0.1484375,0.03190697821681859,0.17578125,0.004563228216818593
N005028,N009701,different,0.1790055248618784,0.21875,0.0397444751381216,0.15625,0.0227555248618784,0.1484375,0.0305680248618784,0.1875,0.008494475138121599
N009670,N009671,same,0.8648068669527897,0.875,0.010193133047210257,0.875,0.010193133047210257,0.90625,0.04144313304721026,0.89453125,0.029724383047210257
N001005,N001804,different,0.3295910184442662,0.3125,0.017091018444266193,0.359375,0.029783981555733807,0.2734375,0.05615351844426619,0.328125,0.0014660184442661928
N005314,N010609,different,0.3155248271527341,0.25,0.06552482715273411,0.265625,0.04989982715273411,0.3125,0.003024827152734111,0.3359375,0.02041267284726589
N000417,N000419,same,0.8974630021141649,0.875,0.022463002114164854,0.90625,0.008786997885835146,0.90625,0.008786997885835146,0.8984375,0.0009744978858351461
N011041,N011048,same,0.2029702970297029,0.3125,0.1095297029702971,0.171875,0.0310952970297029,0.234375,0.0314047029702971,0.21484375,0.0118734529702971
N000992,N001435,different,0.1458333333333333,0.21875,0.07291666666666671,0.171875,0.026041666666666713,0.1484375,0.002604166666666713,0.16015625,0.014322916666666713
N004107,N008166,different,0.0949968334388853,0.1875,0.0925031665611147,0.109375,0.014378166561114694,0.0703125,0.024684333438885306,0.078125,0.016871833438885306
N002590,N002591,same,0.9096638655462184,0.9375,0.027836134453781636,0.9375,0.027836134453781636,0.953125,0.043461134453781636,0.91796875,0.008304884453781636
N005119,N005121,same,0.6189989785495403,0.71875,0.09975102145045966,0.65625,0.037251021450459665,0.59375,0.025248978549540335,0.6328125,0.013813521450459665
N002826,N007185,different,0.0813782991202346,0.0625,0.0188782991202346,0.03125,0.0501282991202346,0.0546875,0.0266907991202346,0.0703125,0.011065799120234601
N009349,N009350,same,0.8160112359550562,0.875,0.0589887640449438,0.84375,0.027738764044943798,0.8046875,0.011323735955056202,0.828125,0.012113764044943798
N003121,N005007,different,0.0815394651011089,0.15625,0.0747105348988911,0.125,0.043460534898891096,0.1328125,0.051273034898891096,0.109375,0.027835534898891096
N002947,N003566,different,0.0623249299719887,0.0625,0.000175070028011301,0.03125,0.0310749299719887,0.0390625,0.0232624299719887,0.046875,0.015449929971988699
N000485,N000488,same,0.7495987158908507,0.75,0.00040128410914930246,0.734375,0.015223715890850698,0.78125,0.0316512841091493,0.77734375,0.027745034109149302
N004349,N011691,different,0.3185454545454545,0.25,0.06854545454545452,0.25,0.06854545454545452,0.21875,0.09979545454545452,0.29296875,0.02557670454545452
N011281,N011282,same,0.6614785992217899,0.59375,0.06772859922178986,0.65625,0.005228599221789865,0.671875,0.010396400778210135,0.6953125,0.033833900778210135
N003865,N009372,different,0.1059907834101382,0.1875,0.0815092165898618,0.1875,0.0815092165898618,0.15625,0.050259216589861794,0.1328125,0.026821716589861794
N001198,N010109,different,0.2690553745928338,0.28125,0.012194625407166204,0.328125,0.059069625407166204,0.2890625,0.020007125407166204,0.26953125,0.00047587540716620413
N011975,N011976,same,0.5850178359096314,0.59375,0.008732164090368588,0.5625,0.022517835909631412,0.5703125,0.014705335909631412,0.55859375,0.026424085909631412
N006419,N007183,different,0.0772818121252498,0.125,0.0477181878747502,0.078125,0.0008431878747501981,0.078125,0.0008431878747501981,0.09375,0.016468187874750198
N010407,N010605,different,0.1515151515151515,0.0625,0.08901515151515149,0.0625,0.08901515151515149,0.0625,0.08901515151515149,0.109375,0.04214015151515149
N009079,N010570,different,0.3605042016806722,0.375,0.01449579831932779,0.328125,0.03237920168067221,0.3125,0.04800420168067221,0.3515625,0.00894170168067221
N001415,N006560,different,0.2685258964143426,0.21875,0.0497758964143426,0.296875,0.028349103585657398,0.28125,0.012724103585657398,0.26953125,0.001005353585657398
N001653,N001654,same,0.5543735224586288,0.59375,0.03937647754137119,0.578125,0.02375147754137119,0.59375,0.03937647754137119,0.55078125,0.003592272458628809
N003355,N003823,different,0.0769230769230769,0.125,0.0480769230769231,0.0625,0.0144230769230769,0.0625,0.0144230769230769,0.078125,0.0012019230769231004
N000355,N005276,different,0.26412092283214,0.3125,0.048379077167859996,0.28125,0.017129077167859996,0.296875,0.032754077167859996,0.2890625,0.024941577167859996
N007573,N007574,same,0.3570110701107011,0.34375,0.0132610701107011,0.34375,0.0132610701107011,0.3671875,0.0101764298892989,0.390625,0.0336139298892989
N007999,N008002,same,0.9117199391171994,0.9375,0.025780060882800604,0.9375,0.025780060882800604,0.9375,0.025780060882800604,0.9296875,0.017967560882800604
N007057,N010814,different,0.0668073136427566,0.0625,0.004307313642756605,0.0625,0.004307313642756605,0.0625,0.004307313642756605,0.078125,0.011317686357243395
N000264,N009708,different,0.2144772117962466,0.3125,0.0980227882037534,0.234375,0.019897788203753403,0.2578125,0.0433352882037534,0.25390625,0.0394290382037534
N008825,N008828,same,0.5317982456140351,0.5,0.0317982456140351,0.53125,0.0005482456140351033,0.625,0.0932017543859649,0.57421875,0.0424205043859649
N001284,N006893,different,0.1234298197706171,0.1875,0.0640701802293829,0.15625,0.032820180229382906,0.1328125,0.009382680229382906,0.12890625,0.005476430229382906
N011033,N011035,same,0.9331243469174504,0.9375,0.004375653082549613,0.9375,0.004375653082549613,0.953125,0.020000653082549613,0.94921875,0.016094403082549613
N004348,N004349,same,0.4239244491080797,0.40625,0.017674449108079693,0.34375,0.08017444910807969,0.4375,0.013575550891920307,0.421875,0.002049449108079693
N004177,N010930,different,0.1464566929133858,0.21875,0.07229330708661419,0.1875,0.04104330708661419,0.1484375,0.001980807086614189,0.17578125,0.02932455708661419
N003845,N003847,same,0.6045454545454545,0.5625,0.0420454545454545,0.625,0.020454545454545503,0.671875,0.0673295454545455,0.58984375,0.014701704545454497
N004106,N004107,same,0.2232854864433811,0.09375,0.1295354864433811,0.125,0.09828548644338109,0.2265625,0.003277013556618913,0.24609375,0.022808263556618913
N007911,N009413,different,0.1477024070021881,0.09375,0.05395240700218809,0.078125,0.06957740700218809,0.0703125,0.07738990700218809,0.12890625,0.01879615700218809
N001010,N001011,same,0.276456111566858,0.5,0.223543888433142,0.4375,0.161043888433142,0.34375,0.06729388843314199,0.296875,0.02041888843314199
N009213,N010572,different,0.1050818260120585,0.09375,0.011331826012058496,0.0625,0.042581826012058496,0.0859375,0.019144326012058496,0.0859375,0.019144326012058496
N006364,N006366,same,0.2250879249706917,0.15625,0.06883792497069169,0.15625,0.06883792497069169,0.2109375,0.014150424970691688,0.21875,0.0063379249706916885
N001447,N003703,different,0.1397306397306397,0.21875,0.0790193602693603,0.125,0.014730639730639705,0.078125,0.061605639730639705,0.1015625,0.038168139730639705
N009727,N010185,different,0.0970654627539503,0.1875,0.0904345372460497,0.125,0.027934537246049704,0.109375,0.012309537246049704,0.12890625,0.031840787246049704
N000605,N002652,different,0.1330724070450097,0.125,0.008072407045009694,0.125,0.008072407045009694,0.125,0.008072407045009694,0.14453125,0.011458842954990306
N004016,N004017,same,0.2031578947368421,0.25,0.04684210526315791,0.140625,0.06253289473684209,0.1953125,0.007845394736842093,0.19921875,0.003939144736842093
N010689,N011576,different,0.0894886363636363,0.0625,0.026988636363636298,0.046875,0.0426136363636363,0.0546875,0.0348011363636363,0.08984375,0.00035511363636370197
N001733,N001734,same,0.6893787575150301,0.75,0.06062124248496992,0.765625,0.07624624248496992,0.7109375,0.021558742484969917,0.69921875,0.009839992484969917
N004845,N007461,different,0.0921630094043887,0.125,0.03283699059561131,0.109375,0.017211990595611307,0.078125,0.014038009404388693,0.09765625,0.005493240595611307
N010880,N010881,same,0.8031400966183575,0.84375,0.0406099033816425,0.828125,0.024984903381642498,0.8125,0.009359903381642498,0.80859375,0.005453653381642498
N000498,N001176,different,0.1601005867560771,0.21875,0.05864941324392289,0.15625,0.0038505867560771068,0.1640625,0.003961913243922893,0.20703125,0.04693066324392289
N001285,N003729,different,0.1102484472049689,0.15625,0.0460015527950311,0.09375,0.016498447204968902,0.0859375,0.024310947204968902,0.1015625,0.008685947204968902
N006173,N008196,different,0.14765625,0.21875,0.07109375000000001,0.140625,0.007031249999999989,0.1171875,0.03046874999999999,0.15625,0.008593750000000011
N008110,N009707,different,0.3269372693726937,0.34375,0.016812730627306316,0.375,0.048062730627306316,0.28125,0.045687269372693684,0.328125,0.001187730627306316
N007193,N010619,different,0.368075117370892,0.46875,0.10067488262910801,0.421875,0.05379988262910801,0.3515625,0.01651261737089199,0.37890625,0.010831132629108009
N000561,N003679,different,0.323671497584541,0.28125,0.042421497584541,0.25,0.073671497584541,0.265625,0.058046497584541,0.28515625,0.038515247584541
N003026,N003027,same,0.5643678160919541,0.53125,0.03311781609195408,0.546875,0.017492816091954078,0.53125,0.03311781609195408,0.5546875,0.009680316091954078
N004552,N004553,same,0.6983523447401775,0.8125,0.11414765525982251,0.765625,0.06727265525982251,0.734375,0.03602265525982251,0.734375,0.03602265525982251
N007647,N009169,different,0.3389687235841082,0.40625,0.06728127641589182,0.375,0.03603127641589182,0.3046875,0.03428122358410818,0.33984375,0.000875026415891822
N005744,N010823,different,0.2867647058823529,0.3125,0.02573529411764708,0.34375,0.05698529411764708,0.3515625,0.06479779411764708,0.35546875,0.06870404411764708
N001880,N002772,different,0.0958445040214477,0.0625,0.0333445040214477,0.046875,0.0489695040214477,0.0546875,0.0411570040214477,0.0859375,0.009907004021447702
N003351,N006982,different,0.1141998497370398,0.1875,0.0733001502629602,0.109375,0.004824849737039796,0.109375,0.004824849737039796,0.1171875,0.0029876502629602036
N006591,N011935,different,0.1929555895865237,0.3125,0.1195444104134763,0.234375,0.0414194104134763,0.1875,0.005455589586523701,0.17578125,0.0171743395865237
N008482,N010584,different,0.1490196078431372,0.21875,0.0697303921568628,0.15625,0.007230392156862803,0.1171875,0.0318321078431372,0.1484375,0.0005821078431371973
N005814,N006544,different,0.0801603206412825,0.0625,0.017660320641282506,0.0625,0.017660320641282506,0.046875,0.033285320641282506,0.0625,0.017660320641282506
N006622,N006638,different,0.0906921241050119,0.09375,0.003057875894988099,0.0625,0.0281921241050119,0.0625,0.0281921241050119,0.08203125,0.008660874105011901
N008603,N010598,different,0.0956123117223313,0.15625,0.0606376882776687,0.109375,0.013762688277668703,0.09375,0.0018623117223312974,0.1015625,0.005950188277668703
N000753,N000755,same,0.8480603448275862,0.9375,0.08943965517241381,0.890625,0.04256465517241381,0.8671875,0.019127155172413812,0.875,0.026939655172413812
N006153,N009437,different,0.3043110735418428,0.375,0.07068892645815722,0.3125,0.00818892645815722,0.3359375,0.03162642645815722,0.2734375,0.03087357354184278
N002548,N010207,different,0.2938829787234042,0.375,0.08111702127659581,0.28125,0.012632978723404187,0.2890625,0.004820478723404187,0.30078125,0.006898271276595813
N004026,N010431,different,0.1547518923465096,0.09375,0.0610018923465096,0.125,0.0297518923465096,0.1484375,0.006314392346509601,0.1484375,0.006314392346509601
N000339,N002440,different,0.1505483549351944,0.0625,0.08804835493519439,0.109375,0.04117335493519439,0.125,0.02554835493519439,0.125,0.02554835493519439
N000964,N008611,different,0.2659323367427222,0.28125,0.015317663257277792,0.28125,0.015317663257277792,0.2734375,0.0075051632572777915,0.26171875,0.0042135867427222085
N001833,N004195,different,0.3014037985136251,0.28125,0.020153798513625087,0.234375,0.06702879851362509,0.2890625,0.012341298513625087,0.30078125,0.0006225485136250875
N001282,N004950,different,0.0784574468085106,0.15625,0.0777925531914894,0.078125,0.0003324468085106058,0.0625,0.015957446808510606,0.0703125,0.008144946808510606
N000030,N009868,different,0.1555755395683453,0.1875,0.0319244604316547,0.234375,0.0787994604316547,0.1875,0.0319244604316547,0.17578125,0.0202057104316547
N001010,N004708,different,0.3507030603804797,0.25,0.10070306038047971,0.328125,0.022578060380479714,0.3125,0.038203060380479714,0.37109375,0.020390689619520286
N000566,N008517,different,0.1011804384485666,0.09375,0.007430438448566598,0.0625,0.0386804384485666,0.0625,0.0386804384485666,0.08203125,0.019149188448566598
N011092,N011095,same,0.6663755458515284,0.59375,0.07262554585152836,0.59375,0.07262554585152836,0.6328125,0.03356304585152836,0.640625,0.02575054585152836
N001983,N009014,different,0.1359918200408998,0.1875,0.0515081799591002,0.109375,0.026616820040899797,0.109375,0.026616820040899797,0.15234375,0.016351929959100203
N005044,N005045,same,0.9210526315789472,0.90625,0.014802631578947234,0.90625,0.014802631578947234,0.921875,0.000822368421052766,0.90625,0.014802631578947234
N003201,N003203,same,0.9783549783549784,1.0,0.021645021645021578,1.0,0.021645021645021578,1.0,0.021645021645021578,0.9921875,0.013832521645021578
N000238,N001915,different,0.1671469740634005,0.125,0.04214697406340051,0.109375,0.05777197406340051,0.15625,0.01089697406340051,0.16796875,0.0008217759365994892
N000461,N004754,different,0.3898635477582846,0.25,0.13986354775828458,0.328125,0.06173854775828458,0.25,0.13986354775828458,0.33984375,0.05001979775828458
N000135,N010890,different,0.0812591508052708,0.0625,0.018759150805270797,0.03125,0.0500091508052708,0.0546875,0.026571650805270797,0.06640625,0.014852900805270797
N011414,N011759,different,0.1572398190045248,0.1875,0.0302601809954752,0.125,0.0322398190045248,0.1171875,0.0400523190045248,0.1484375,0.0088023190045248
N003751,N007825,different,0.1239669421487603,0.09375,0.030216942148760306,0.078125,0.045841942148760306,0.0703125,0.053654442148760306,0.11328125,0.010685692148760306
N006774,N009531,different,0.3891625615763547,0.40625,0.017087438423645296,0.390625,0.0014624384236452959,0.3984375,0.009274938423645296,0.40234375,0.013181188423645296
N000516,N006620,different,0.1325301204819277,0.15625,0.023719879518072307,0.125,0.0075301204819276935,0.109375,0.023155120481927693,0.12109375,0.011436370481927693
N004325,N004949,different,0.15234375,0.125,0.02734375,0.0625,0.08984375,0.09375,0.05859375,0.140625,0.01171875
N000557,N004353,different,0.1445993031358885,0.15625,0.011650696864111493,0.125,0.019599303135888507,0.15625,0.011650696864111493,0.16015625,0.015556946864111493
N000286,N008208,different,0.3361823361823361,0.15625,0.17993233618233612,0.28125,0.05493233618233612,0.28125,0.05493233618233612,0.328125,0.008057336182336117
N002691,N010535,different,0.3512682551883166,0.375,0.023731744811683386,0.296875,0.054393255188316614,0.2578125,0.09345575518831661,0.32421875,0.027049505188316614
N000490,N006570,different,0.2663204747774481,0.28125,0.01492952522255192,0.265625,0.0006954747774480796,0.2734375,0.00711702522255192,0.26171875,0.00460172477744808
N005692,N009368,different,0.085691823899371,0.0625,0.023191823899370995,0.046875,0.038816823899370995,0.0546875,0.031004323899370995,0.08203125,0.0036605738993709946
N006324,N006325,same,0.5694945848375451,0.625,0.055505415162454885,0.53125,0.038244584837545115,0.6015625,0.032067915162454885,0.546875,0.022619584837545115
N004951,N011682,different,0.2740094022834117,0.34375,0.0697405977165883,0.3125,0.038490597716588304,0.2890625,0.015053097716588304,0.2734375,0.000571902283411696
N010982,N010985,same,0.6229187071498531,0.6875,0.06458129285014691,0.65625,0.03333129285014691,0.578125,0.04479370714985309,0.59765625,0.02526245714985309
N009834,N009835,same,0.499348109517601,0.625,0.125651890482399,0.609375,0.110026890482399,0.5390625,0.039714390482399,0.515625,0.016276890482398998
N003500,N003501,same,0.6286644951140065,0.46875,0.15991449511400646,0.546875,0.08178949511400646,0.5703125,0.05835199511400646,0.6015625,0.02710199511400646
N010499,N011269,different,0.0714285714285714,0.0625,0.008928571428571397,0.0625,0.008928571428571397,0.0546875,0.016741071428571397,0.05859375,0.012834821428571397
N005257,N010502,different,0.0915619389587073,0.0625,0.029061938958707303,0.046875,0.044686938958707303,0.046875,0.044686938958707303,0.08203125,0.009530688958707303
N003920,N006487,different,0.1234177215189873,0.09375,0.029667721518987306,0.140625,0.017207278481012694,0.1484375,0.025019778481012694,0.14453125,0.021113528481012694
N011834,N011835,same,0.8736842105263158,0.9375,0.06381578947368416,0.921875,0.04819078947368416,0.890625,0.01694078947368416,0.87109375,0.002590460526315841
N004364,N007454,different,0.1157613535173642,0.15625,0.040488646482635796,0.09375,0.022011353517364204,0.125,0.009238646482635796,0.125,0.009238646482635796
N004158,N008744,different,0.1572212065813528,0.125,0.0322212065813528,0.125,0.0322212065813528,0.1171875,0.0400337065813528,0.140625,0.0165962065813528
N005771,N006045,different,0.0828351836037574,0.15625,0.0734148163962426,0.078125,0.004710183603757398,0.09375,0.010914816396242602,0.11328125,0.030446066396242602
N001865,N011525,different,0.1589506172839506,0.125,0.0339506172839506,0.09375,0.0652006172839506,0.125,0.0339506172839506,0.15234375,0.0066068672839506015
N001362,N001363,same,0.2083333333333333,0.28125,0.07291666666666671,0.265625,0.05729166666666671,0.2734375,0.06510416666666671,0.21875,0.010416666666666713
N009863,N009866,same,0.280248190279214,0.46875,0.188501809720786,0.34375,0.063501809720786,0.296875,0.016626809720786007,0.30078125,0.020533059720786007
N000175,N002508,different,0.1800573888091822,0.1875,0.007442611190817794,0.171875,0.008182388809182206,0.203125,0.023067611190817794,0.2109375,0.030880111190817794
N006545,N006546,same,0.6821561338289963,0.75,0.06784386617100369,0.75,0.06784386617100369,0.640625,0.041531133828996314,0.66796875,0.014187383828996314
N000215,N005986,different,0.3366583541147132,0.25,0.08665835411471318,0.28125,0.055408354114713176,0.2890625,0.047595854114713176,0.3046875,0.031970854114713176
N004433,N011613,different,0.085079365079365,0.15625,0.071170634920635,0.078125,0.006954365079365005,0.0546875,0.030391865079365005,0.0625,0.022579365079365005
N000064,N010912,different,0.0785478547854785,0.125,0.0464521452145215,0.078125,0.00042285478547850197,0.078125,0.00042285478547850197,0.09765625,0.019108395214521498
N008572,N009975,different,0.1344086021505376,0.1875,0.0530913978494624,0.09375,0.0406586021505376,0.1015625,0.0328461021505376,0.12890625,0.005502352150537598
N000431,N001948,different,0.1157742402315484,0.1875,0.0717257597684516,0.125,0.009225759768451594,0.1171875,0.001413259768451594,0.10546875,0.010305490231548406
N002598,N004139,different,0.1470349309504467,0.0625,0.0845349309504467,0.046875,0.1001599309504467,0.1328125,0.014222430950446702,0.1640625,0.0170275690495533
N007063,N007064,same,0.6487046632124353,0.53125,0.11745466321243525,0.53125,0.11745466321243525,0.5546875,0.09401716321243525,0.6171875,0.03151716321243525
N008238,N008239,same,0.6111685625646329,0.65625,0.04508143743536708,0.625,0.013831437435367078,0.5234375,0.08773106256463292,0.578125,0.03304356256463292
N000518,N009485,different,0.0629084967320261,0.03125,0.0316584967320261,0.03125,0.0316584967320261,0.0546875,0.0082209967320261,0.05859375,0.004314746732026101
N003093,N003735,different,0.0844529750479846,0.1875,0.1030470249520154,0.109375,0.024922024952015398,0.0703125,0.014140475047984602,0.08984375,0.005390774952015398
N001977,N007620,different,0.0846297448662103,0.09375,0.009120255133789695,0.078125,0.006504744866210305,0.0703125,0.014317244866210305,0.0859375,0.0013077551337896953
N009205,N009208,same,0.3792434529582929,0.375,0.004243452958292926,0.359375,0.019868452958292926,0.34375,0.035493452958292926,0.3671875,0.012055952958292926
N003317,N010218,different,0.1335740072202166,0.1875,0.05392599277978341,0.140625,0.0070509927797834104,0.140625,0.0070509927797834104,0.140625,0.0070509927797834104
N006112,N006266,different,0.0989232839838492,0.09375,0.005173283983849197,0.09375,0.005173283983849197,0.09375,0.005173283983849197,0.109375,0.010451716016150803
N003208,N003758,different,0.110684580934101,0.125,0.014315419065899004,0.109375,0.0013095809341009956,0.1328125,0.022127919065899004,0.1328125,0.022127919065899004
N008188,N008190,same,0.9590747330960854,0.96875,0.009675266903914626,0.953125,0.0059497330960853745,0.9609375,0.0018627669039146255,0.953125,0.0059497330960853745
N003051,N011987,different,0.0884955752212389,0.0625,0.025995575221238895,0.046875,0.041620575221238895,0.0546875,0.033808075221238895,0.07421875,0.014276825221238895
N001446,N004867,different,0.1058738216098622,0.125,0.019126178390137805,0.09375,0.012123821609862195,0.0546875,0.051186321609862195,0.08203125,0.023842571609862195
N000895,N009304,different,0.3308270676691729,0.28125,0.049577067669172914,0.296875,0.033952067669172914,0.3359375,0.005110432330827086,0.32421875,0.006608317669172914
N000161,N010769,different,0.0740992522093813,0.09375,0.019650747790618706,0.046875,0.027224252209381294,0.046875,0.027224252209381294,0.05859375,0.015505502209381294
N003327,N003328,same,0.6176470588235294,0.71875,0.10110294117647056,0.640625,0.022977941176470562,0.625,0.007352941176470562,0.6171875,0.0004595588235294379
N008176,N010603,different,0.0986582478295185,0.1875,0.0888417521704815,0.109375,0.0107167521704815,0.109375,0.0107167521704815,0.109375,0.0107167521704815
N001633,N001634,same,0.285921625544267,0.34375,0.05782837445573302,0.234375,0.05154662554426698,0.2578125,0.028109125544266977,0.2421875,0.04373412554426698
N004001,N007546,different,0.4297297297297297,0.40625,0.023479729729729726,0.421875,0.007854729729729726,0.421875,0.007854729729729726,0.4453125,0.015582770270270274
N000937,N000938,same,0.5021834061135371,0.53125,0.029066593886462933,0.46875,0.03343340611353707,0.5078125,0.0056290938864629325,0.46484375,0.03733965611353707
N008048,N008050,same,0.9325551232166018,1.0,0.06744487678339817,0.96875,0.03619487678339817,0.96875,0.03619487678339817,0.93359375,0.0010386267833981666
N004328,N008917,different,0.1522222222222222,0.09375,0.0584722222222222,0.078125,0.0740972222222222,0.1015625,0.0506597222222222,0.12109375,0.031128472222222203
N004757,N008828,different,0.1517367458866544,0.125,0.026736745886654395,0.140625,0.011111745886654395,0.1484375,0.003299245886654395,0.13671875,0.015017995886654395
N005397,N005398,same,0.2808290155440414,0.40625,0.12542098445595862,0.296875,0.016045984455958617,0.2734375,0.007391515544041383,0.296875,0.016045984455958617
N001291,N007292,different,0.1559909570459683,0.15625,0.00025904295403170186,0.15625,0.00025904295403170186,0.1640625,0.008071542954031702,0.17578125,0.019790292954031702
N007205,N007207,same,0.985358711566618,1.0,0.014641288433381972,1.0,0.014641288433381972,0.9921875,0.0068287884333819715,0.98828125,0.0029225384333819715
N002229,N011361,different,0.3763066202090592,0.59375,0.2174433797909408,0.59375,0.2174433797909408,0.453125,0.0768183797909408,0.4296875,0.053380879790940805
N005375,N005716,different,0.0989819004524886,0.125,0.0260180995475114,0.09375,0.0052319004524886,0.0859375,0.0130444004524886,0.0859375,0.0130444004524886
N002758,N002818,different,0.1445086705202312,0.21875,0.0742413294797688,0.140625,0.003883670520231197,0.15625,0.011741329479768803,0.1640625,0.019553829479768803
N009564,N011151,different,0.3139890042761148,0.25,0.06398900427611481,0.265625,0.048364004276114814,0.2109375,0.10305150427611481,0.30859375,0.005395254276114814
N008487,N008488,same,0.8970380818053597,0.9375,0.04046191819464029,0.875,0.02203808180535971,0.921875,0.02483691819464029,0.91015625,0.01311816819464029
N007856,N007858,same,0.5937873357228196,0.625,0.03121266427718039,0.5625,0.03128733572281961,0.5625,0.03128733572281961,0.57421875,0.01956858572281961
N000647,N001025,different,0.086284610431423,0.125,0.038715389568576994,0.09375,0.007465389568576994,0.078125,0.008159610431423006,0.078125,0.008159610431423006
N003489,N010336,different,0.1485249237029501,0.09375,0.05477492370295009,0.09375,0.05477492370295009,0.1171875,0.03133742370295009,0.13671875,0.01180617370295009
N000327,N009318,different,0.1621621621621621,0.1875,0.025337837837837912,0.15625,0.005912162162162088,0.15625,0.005912162162162088,0.1640625,0.001900337837837912
N005431,N006150,different,0.1001990710019907,0.09375,0.0064490710019907,0.046875,0.0533240710019907,0.0703125,0.0298865710019907,0.08203125,0.0181678210019907
N002684,N004549,different,0.0852309694209499,0.125,0.039769030579050096,0.078125,0.007105969420949904,0.09375,0.008519030579050096,0.09375,0.008519030579050096
N005744,N007062,different,0.080028328611898,0.03125,0.048778328611898,0.046875,0.033153328611898,0.046875,0.033153328611898,0.08203125,0.0020029213881019997
N004248,N011184,different,0.1342828077314344,0.0625,0.07178280773143439,0.09375,0.04053280773143439,0.109375,0.02490780773143439,0.109375,0.02490780773143439
N003020,N003021,same,0.3939393939393939,0.3125,0.08143939393939392,0.34375,0.05018939393939392,0.390625,0.0033143939393939226,0.421875,0.027935606060606077
N000160,N003947,different,0.1815980629539951,0.21875,0.03715193704600489,0.171875,0.00972306295399511,0.1953125,0.01371443704600489,0.1796875,0.0019105629539951097
N006712,N008335,different,0.1577928363988383,0.1875,0.029707163601161712,0.15625,0.0015428363988382876,0.140625,0.017167836398838288,0.14453125,0.013261586398838288
N000843,N005365,different,0.1390274314214463,0.1875,0.0484725685785537,0.140625,0.0015975685785536986,0.140625,0.0015975685785536986,0.12890625,0.010121181421446301
N011628,N011629,same,0.2601449275362318,0.375,0.11485507246376819,0.296875,0.03673007246376819,0.28125,0.021105072463768193,0.26953125,0.009386322463768193
N000026,N011332,different,0.3570391872278665,0.25,0.10703918722786648,0.3125,0.044539187227866484,0.3125,0.044539187227866484,0.38671875,0.029679562772133516
N003058,N009240,different,0.1333333333333333,0.21875,0.0854166666666667,0.109375,0.023958333333333304,0.125,0.008333333333333304,0.12109375,0.012239583333333304
N000396,N000397,same,0.3152920962199312,0.4375,0.1222079037800688,0.328125,0.012832903780068794,0.328125,0.012832903780068794,0.32421875,0.008926653780068794
N006146,N006401,different,0.094521372667068,0.0625,0.032021372667068004,0.03125,0.063271372667068,0.046875,0.047646372667068004,0.06640625,0.028115122667068004
N007004,N011967,different,0.1545643153526971,0.09375,0.0608143153526971,0.09375,0.0608143153526971,0.1015625,0.0530018153526971,0.13671875,0.0178455653526971
N002229,N002230,same,0.3728029602220166,0.3125,0.06030296022201659,0.3125,0.06030296022201659,0.3671875,0.005615460222016588,0.3671875,0.005615460222016588
N002088,N011862,different,0.2764084507042254,0.46875,0.19234154929577463,0.4375,0.16109154929577463,0.3203125,0.04390404929577463,0.3046875,0.028279049295774628
N004709,N004711,same,0.9244444444444444,0.9375,0.013055555555555598,0.9375,0.013055555555555598,0.9375,0.013055555555555598,0.921875,0.002569444444444402
N001940,N002621,different,0.1055099648300117,0.1875,0.0819900351699883,0.171875,0.0663650351699883,0.125,0.019490035169988304,0.12890625,0.023396285169988304
N004803,N004804,same,0.841091492776886,0.8125,0.028591492776885996,0.859375,0.018283507223114004,0.8671875,0.026096007223114004,0.8359375,0.005153992776885996
N003748,N011207,different,0.0830924855491329,0.15625,0.0731575144508671,0.09375,0.0106575144508671,0.09375,0.0106575144508671,0.09765625,0.0145637644508671
N001623,N010411,different,0.0740169622205088,0.09375,0.019733037779491203,0.046875,0.027141962220508797,0.0546875,0.019329462220508797,0.0703125,0.0037044622205087974
N002821,N007053,different,0.2627627627627628,0.28125,0.01848723723723722,0.234375,0.02838776276276278,0.25,0.01276276276276278,0.26953125,0.00676848723723722
N001977,N006802,different,0.3533434650455927,0.34375,0.00959346504559272,0.3125,0.04084346504559272,0.3125,0.04084346504559272,0.35546875,0.0021252849544072805
N000993,N011320,different,0.1631912964641886,0.28125,0.11805870353581141,0.234375,0.07118370353581141,0.1640625,0.0008712035358114101,0.1953125,0.03212120353581141
N008784,N011076,different,0.3138479001135074,0.15625,0.15759790011350738,0.265625,0.04822290011350738,0.2421875,0.07166040011350738,0.29296875,0.020879150113507383
N001137,N005072,different,0.1214488636363636,0.1875,0.0660511363636364,0.125,0.003551136363636395,0.1640625,0.042613636363636395,0.16796875,0.046519886363636395
N007487,N007491,same,0.4421437271619975,0.46875,0.026606272838002487,0.390625,0.05151872716199751,0.4609375,0.018793772838002487,0.42578125,0.016362477161997513
N002401,N005487,different,0.1476793248945147,0.09375,0.05392932489451471,0.15625,0.008570675105485287,0.1328125,0.014866824894514713,0.1484375,0.000758175105485287
N001101,N002086,different,0.1072625698324022,0.125,0.017737430167597795,0.109375,0.0021124301675977952,0.1015625,0.005700069832402205,0.11328125,0.006018680167597795
N004655,N010935,different,0.3268456375838926,0.3125,0.014345637583892623,0.328125,0.0012793624161073769,0.25,0.07684563758389262,0.3203125,0.006533137583892623
N004085,N004086,same,0.8783943329397875,0.90625,0.027855667060212475,0.890625,0.012230667060212475,0.890625,0.012230667060212475,0.8828125,0.0044181670602124745
N003125,N003127,same,0.8840399002493765,0.96875,0.08471009975062349,0.953125,0.06908509975062349,0.921875,0.03783509975062349,0.91015625,0.02611634975062349
N001101,N001666,different,0.1078184110970996,0.09375,0.014068411097099595,0.09375,0.014068411097099595,0.09375,0.014068411097099595,0.109375,0.0015565889029004049
N001141,N001142,same,0.2220956719817767,0.28125,0.05915432801822329,0.3125,0.09040432801822329,0.25,0.02790432801822329,0.25,0.02790432801822329
N006480,N008863,different,0.0788423153692614,0.09375,0.014907684630738605,0.0625,0.016342315369261395,0.0625,0.016342315369261395,0.0703125,0.008529815369261395
N000817,N011666,different,0.2837370242214533,0.34375,0.060012975778546696,0.296875,0.013137975778546696,0.3125,0.028762975778546696,0.30859375,0.024856725778546696
N000219,N003185,different,0.1503215434083601,0.15625,0.005928456591639902,0.140625,0.009696543408360098,0.109375,0.0409465434083601,0.16015625,0.009834706591639902
N001988,N006863,different,0.1072925398155909,0.1875,0.0802074601844091,0.09375,0.013542539815590907,0.109375,0.0020824601844090934,0.14453125,0.03723871018440909
N009478,N009479,same,0.622093023255814,0.5625,0.05959302325581395,0.515625,0.10646802325581395,0.609375,0.012718023255813948,0.6015625,0.02053052325581395
N001784,N005288,different,0.0949806949806949,0.09375,0.0012306949806949047,0.0625,0.032480694980694905,0.0703125,0.024668194980694905,0.09375,0.0012306949806949047
N001436,N002155,different,0.06843853820598,0.09375,0.025311461794019996,0.0625,0.005938538205980004,0.0546875,0.013751038205980004,0.078125,0.009686461794019996
N006423,N011777,different,0.1448066717210007,0.15625,0.011443328278999298,0.1875,0.0426933282789993,0.1953125,0.0505058282789993,0.17578125,0.0309745782789993
N006565,N006569,same,0.272189349112426,0.34375,0.07156065088757402,0.234375,0.03781434911242598,0.2890625,0.016873150887574018,0.296875,0.024685650887574018
N003427,N006396,different,0.1789473684210526,0.15625,0.022697368421052605,0.15625,0.022697368421052605,0.140625,0.038322368421052605,0.16015625,0.018791118421052605
N009745,N009848,different,0.3070866141732283,0.3125,0.0054133858267716994,0.28125,0.0258366141732283,0.2578125,0.0492741141732283,0.2890625,0.0180241141732283
N002762,N002765,same,0.6002202643171806,0.625,0.024779735682819437,0.5625,0.03772026431718056,0.6328125,0.03259223568281944,0.5703125,0.029907764317180563
N000065,N000124,different,0.1021437578814628,0.15625,0.05410624211853721,0.09375,0.008393757881462793,0.09375,0.008393757881462793,0.12109375,0.018949992118537207
N001140,N008945,different,0.1195198329853862,0.125,0.005480167014613804,0.140625,0.021105167014613804,0.1171875,0.0023323329853861957,0.12109375,0.0015739170146138043
N002973,N002974,same,0.7129455909943715,0.625,0.08794559099437149,0.6875,0.025445590994371492,0.6484375,0.06450809099437149,0.66015625,0.05278934099437149
N006774,N006775,same,0.3181818181818182,0.21875,0.09943181818181818,0.265625,0.05255681818181818,0.3046875,0.013494318181818177,0.31640625,0.0017755681818181768
N011429,N011433,same,0.5985853227232537,0.71875,0.12016467727674629,0.65625,0.05766467727674629,0.6953125,0.09672717727674629,0.62890625,0.03032092727674629
N009822,N009823,same,0.2852729145211122,0.25,0.0352729145211122,0.1875,0.0977729145211122,0.2578125,0.027460414521112197,0.2734375,0.011835414521112197
N009371,N009372,same,0.625,0.6875,0.0625,0.71875,0.09375,0.71875,0.09375,0.67578125,0.05078125
N001006,N009138,different,0.2263157894736842,0.28125,0.05493421052631581,0.25,0.023684210526315808,0.28125,0.05493421052631581,0.24609375,0.019777960526315808
N000723,N009281,different,0.0880195599022004,0.09375,0.005730440097799605,0.046875,0.041144559902200395,0.0390625,0.048957059902200395,0.0703125,0.017707059902200395
N000259,N003124,different,0.1635311143270622,0.15625,0.007281114327062188,0.125,0.03853111432706219,0.140625,0.022906114327062188,0.140625,0.022906114327062188
N002544,N002792,different,0.3598360655737705,0.40625,0.046413934426229486,0.375,0.015163934426229486,0.3671875,0.007351434426229486,0.3671875,0.007351434426229486
N002931,N008664,different,0.2419354838709677,0.3125,0.0705645161290323,0.28125,0.039314516129032306,0.2734375,0.031502016129032306,0.28125,0.039314516129032306
N000990,N002132,different,0.2771699489423778,0.375,0.09783005105762221,0.3125,0.035330051057622214,0.3203125,0.043142551057622214,0.2890625,0.011892551057622214
N005946,N007449,different,0.1117678667383127,0.1875,0.0757321332616873,0.125,0.013232133261687304,0.09375,0.018017866738312696,0.109375,0.002392866738312696
N004307,N010960,different,0.1471984805318138,0.1875,0.04030151946818619,0.171875,0.024676519468186192,0.140625,0.006573480531813808,0.1328125,0.014385980531813808
N005835,N008645,different,0.3813084112149533,0.4375,0.05619158878504671,0.4375,0.05619158878504671,0.3828125,0.0015040887850467088,0.375,0.006308411214953291
N001422,N004687,different,0.2548476454293629,0.40625,0.1514023545706371,0.3125,0.05765235457063711,0.3125,0.05765235457063711,0.30859375,0.05374610457063711
N007233,N007728,different,0.0721997300944669,0.0625,0.009699730094466896,0.03125,0.040949730094466896,0.0390625,0.033137230094466896,0.05078125,0.021418480094466896
N009592,N009782,different,0.1672,0.21875,0.05155000000000001,0.234375,0.06717500000000001,0.21875,0.05155000000000001,0.20703125,0.03983125000000001
N011533,N011534,same,0.5235803657362849,0.59375,0.07016963426371514,0.546875,0.02329463426371514,0.6015625,0.07798213426371514,0.5703125,0.04673213426371514
N005300,N005301,same,0.9293044469783353,0.90625,0.023054446978335252,0.890625,0.03867944697833525,0.9140625,0.015241946978335252,0.921875,0.007429446978335252
N005855,N007938,different,0.1415384615384615,0.25,0.1084615384615385,0.234375,0.0928365384615385,0.1796875,0.0381490384615385,0.17578125,0.0342427884615385
N007921,N007922,same,0.5435244161358811,0.59375,0.050225583864118906,0.546875,0.0033505838641189056,0.4921875,0.051336916135881094,0.5390625,0.004461916135881094
N001521,N006976,different,0.2919605077574048,0.125,0.16696050775740479,0.15625,0.13571050775740479,0.1796875,0.11227300775740479,0.27734375,0.014616757757404786
N000725,N008406,different,0.2877094972067039,0.375,0.08729050279329609,0.375,0.08729050279329609,0.3515625,0.06385300279329609,0.32421875,0.03650925279329609
N004174,N006820,different,0.1487481590574374,0.21875,0.0700018409425626,0.25,0.1012518409425626,0.203125,0.05437684094256259,0.1796875,0.030939340942562593
N000607,N004665,different,0.1477170993733214,0.15625,0.008532900626678608,0.140625,0.007092099373321392,0.15625,0.008532900626678608,0.1796875,0.03197040062667861
N003228,N006079,different,0.1407942238267148,0.125,0.015794223826714804,0.140625,0.00016922382671480385,0.125,0.015794223826714804,0.1484375,0.007643276173285196
N010506,N010507,same,0.5048231511254019,0.59375,0.08892684887459812,0.53125,0.02642684887459812,0.5859375,0.08111434887459812,0.53125,0.02642684887459812
N010699,N010700,same,0.527363184079602,0.46875,0.05861318407960203,0.453125,0.07423818407960203,0.453125,0.07423818407960203,0.4921875,0.03517568407960203
N001185,N004181,different,0.2413509060955519,0.28125,0.039899093904448096,0.3125,0.0711490939044481,0.265625,0.024274093904448096,0.2421875,0.0008365939044480963
N005027,N005028,same,0.9024767801857584,0.9375,0.03502321981424161,0.953125,0.05064821981424161,0.9296875,0.027210719814241613,0.90625,0.003773219814241613
N001758,N009092,different,0.1349557522123893,0.28125,0.1462942477876107,0.171875,0.03691924778761069,0.1640625,0.029106747787610687,0.1796875,0.04473174778761069
N002928,N003582,different,0.0769716088328075,0.0625,0.0144716088328075,0.046875,0.0300966088328075,0.0390625,0.0379091088328075,0.05859375,0.0183778588328075
N003050,N008741,different,0.3537300922045264,0.375,0.021269907795473608,0.28125,0.07248009220452639,0.2734375,0.08029259220452639,0.359375,0.005644907795473608
N004158,N011487,different,0.1392045454545454,0.15625,0.017045454545454614,0.140625,0.0014204545454546136,0.1328125,0.006392045454545386,0.13671875,0.0024857954545453864
N000139,N007621,different,0.1408582089552238,0.15625,0.015391791044776199,0.125,0.0158582089552238,0.1484375,0.0075792910447761985,0.15234375,0.011485541044776199
N007036,N007038,same,0.3094098883572568,0.40625,0.0968401116427432,0.34375,0.0343401116427432,0.328125,0.0187151116427432,0.33984375,0.0304338616427432
N002201,N002648,different,0.1412056151940545,0.1875,0.0462943848059455,0.140625,0.0005806151940545012,0.1015625,0.0396431151940545,0.1171875,0.0240181151940545
N000003,N000843,different,0.3449074074074074,0.25,0.09490740740740738,0.296875,0.048032407407407385,0.2734375,0.07146990740740738,0.33203125,0.012876157407407385
N007190,N008966,different,0.1497277676950998,0.125,0.024727767695099795,0.171875,0.022147232304900205,0.1484375,0.0012902676950997949,0.19140625,0.041678482304900205
N010033,N010034,same,0.9582712369597616,0.96875,0.010478763040238426,0.9375,0.020771236959761574,0.9453125,0.012958736959761574,0.95703125,0.0012399869597615742
N005989,N005990,same,0.5709057639524245,0.6875,0.11659423604757546,0.578125,0.007219236047575461,0.609375,0.03846923604757546,0.60546875,0.03456298604757546
N002242,N004023,different,0.134,0.15625,0.022249999999999992,0.09375,0.04025000000000001,0.1015625,0.03243750000000001,0.12109375,0.012906250000000008
N000443,N004578,different,0.0691624365482233,0.09375,0.024587563451776706,0.078125,0.008962563451776706,0.0625,0.006662436548223294,0.06640625,0.002756186548223294
N005743,N005744,same,0.3746283448959365,0.375,0.0003716551040635063,0.34375,0.030878344895936494,0.3828125,0.008184155104063506,0.3984375,0.023809155104063506
N003903,N006662,different,0.0873124147339699,0.09375,0.006437585266030096,0.09375,0.006437585266030096,0.1015625,0.014250085266030096,0.1015625,0.014250085266030096
N011033,N011036,same,0.5340572556762093,0.625,0.09094274432379068,0.640625,0.10656774432379068,0.640625,0.10656774432379068,0.55078125,0.01672399432379068
N006643,N006644,same,0.3333333333333333,0.34375,0.010416666666666685,0.296875,0.036458333333333315,0.2734375,0.059895833333333315,0.28125,0.052083333333333315
N003720,N006775,different,0.2016348773841962,0.21875,0.017115122615803807,0.21875,0.017115122615803807,0.2421875,0.04055262261580381,0.26171875,0.06008387261580381
N003418,N007053,different,0.1395193591455273,0.15625,0.016730640854472706,0.09375,0.045769359145527294,0.078125,0.061394359145527294,0.14453125,0.005011890854472706
N003804,N005139,different,0.1006389776357827,0.0625,0.038138977635782695,0.0625,0.038138977635782695,0.0703125,0.030326477635782695,0.09375,0.006888977635782695
N002540,N007668,different,0.0836261419536191,0.1875,0.1038738580463809,0.109375,0.0257488580463809,0.09375,0.010123858046380899,0.08203125,0.0015948919536191014
N008366,N008369,same,0.8988529718456726,0.84375,0.05510297184567259,0.859375,0.03947797184567259,0.8984375,0.0004154718456725881,0.90234375,0.003490778154327412
N010742,N010743,same,0.5047418335089568,0.71875,0.21400816649104315,0.53125,0.02650816649104315,0.546875,0.04213316649104315,0.55078125,0.04603941649104315
N004746,N004760,different,0.1681005956320317,0.15625,0.011850595632031696,0.140625,0.027475595632031696,0.1640625,0.004038095632031696,0.16015625,0.007944345632031696
N007368,N009303,different,0.2859574468085106,0.375,0.0890425531914894,0.34375,0.057792553191489404,0.3046875,0.018730053191489404,0.30078125,0.014823803191489404
N007396,N007397,same,0.9009433962264152,0.9375,0.03655660377358483,0.9375,0.03655660377358483,0.921875,0.020931603773584828,0.9140625,0.013119103773584828
N001143,N009969,different,0.2577235772357724,0.28125,0.023526422764227617,0.359375,0.10165142276422762,0.3203125,0.06258892276422762,0.26953125,0.011807672764227617
N002468,N002469,same,0.9352869352869352,0.90625,0.029036935286935184,0.953125,0.017838064713064816,0.9609375,0.025650564713064816,0.9375,0.0022130647130648162
N007220,N011663,different,0.1265646731571627,0.03125,0.09531467315716269,0.03125,0.09531467315716269,0.046875,0.07968967315716269,0.08203125,0.04453342315716269
N005926,N007181,different,0.1407471763683753,0.25,0.1092528236316247,0.15625,0.015502823631624696,0.1640625,0.023315323631624696,0.1484375,0.007690323631624696
N003437,N005168,different,0.0696721311475409,0.0625,0.007172131147540894,0.0625,0.007172131147540894,0.046875,0.022797131147540894,0.06640625,0.0032658811475408944
N000355,N000372,different,0.1086691086691086,0.15625,0.0475808913308914,0.109375,0.0007058913308913978,0.109375,0.0007058913308913978,0.10546875,0.0032003586691086022
N010682,N010683,same,0.935093509350935,0.96875,0.03365649064906495,0.953125,0.018031490649064952,0.96875,0.03365649064906495,0.953125,0.018031490649064952
N004567,N008956,different,0.1710193765796124,0.1875,0.016480623420387613,0.203125,0.03210562342038761,0.171875,0.0008556234203876134,0.18359375,0.012574373420387613
N008093,N008094,same,0.3982947624847747,0.3125,0.08579476248477469,0.328125,0.07016976248477469,0.3359375,0.06235726248477469,0.40625,0.00795523751522531
N004447,N004449,same,0.3492063492063492,0.40625,0.05704365079365081,0.359375,0.010168650793650813,0.3515625,0.002356150793650813,0.37890625,0.029699900793650813
N001475,N004007,different,0.1066387872451646,0.21875,0.1121112127548354,0.171875,0.0652362127548354,0.140625,0.033986212754835404,0.11328125,0.006642462754835404
N001138,N009030,different,0.0905263157894736,0.0625,0.028026315789473594,0.046875,0.043651315789473594,0.0546875,0.035838815789473594,0.06640625,0.024120065789473594
N004140,N010723,different,0.2790697674418604,0.34375,0.0646802325581396,0.34375,0.0646802325581396,0.28125,0.0021802325581395943,0.296875,0.017805232558139594
N007477,N007828,different,0.3167655786350148,0.25,0.06676557863501481,0.28125,0.03551557863501481,0.21875,0.09801557863501481,0.28125,0.03551557863501481
N008284,N009896,different,0.1411462788708297,0.125,0.0161462788708297,0.109375,0.0317712788708297,0.1171875,0.0239587788708297,0.13671875,0.0044275288708297
N006759,N008551,different,0.1343065693430657,0.09375,0.0405565693430657,0.0625,0.0718065693430657,0.0703125,0.0639940693430657,0.1328125,0.0014940693430657015
N004856,N010634,different,0.313182811361981,0.25,0.063182811361981,0.265625,0.047557811361981006,0.203125,0.110057811361981,0.28515625,0.028026561361981006
N003022,N010880,different,0.1012965964343598,0.0625,0.0387965964343598,0.046875,0.0544215964343598,0.0625,0.0387965964343598,0.08984375,0.0114528464343598
N001271,N001372,different,0.1405353728489483,0.0625,0.07803537284894829,0.046875,0.09366037284894829,0.125,0.015535372848948292,0.140625,8.962715105170771e-05
N002952,N006725,different,0.1591448931116389,0.21875,0.0596051068883611,0.171875,0.012730106888361098,0.2109375,0.0517926068883611,0.17578125,0.016636356888361098
N009630,N010560,different,0.2610294117647059,0.1875,0.0735294117647059,0.203125,0.0579044117647059,0.2890625,0.0280330882352941,0.265625,0.004595588235294101
N002342,N008733,different,0.1140724946695096,0.125,0.010927505330490403,0.0625,0.0515724946695096,0.0859375,0.028134994669509597,0.1015625,0.012509994669509597
N002631,N007528,different,0.1314741035856573,0.21875,0.08727589641434269,0.140625,0.00915089641434269,0.125,0.006474103585657309,0.15234375,0.02086964641434269
N002957,N003701,different,0.1141950832672482,0.03125,0.0829450832672482,0.09375,0.0204450832672482,0.109375,0.004820083267248199,0.1328125,0.0186174167327518
N011515,N011516,same,0.4451476793248945,0.40625,0.03889767932489452,0.375,0.07014767932489452,0.46875,0.02360232067510548,0.45703125,0.011883570675105481
N004013,N005436,different,0.0877862595419847,0.0625,0.0252862595419847,0.09375,0.005963740458015301,0.0703125,0.0174737595419847,0.07421875,0.013567509541984699
N010144,N010145,same,0.950354609929078,0.96875,0.018395390070921946,0.9375,0.012854609929078054,0.953125,0.0027703900709219464,0.94921875,0.0011358599290780536
N004509,N004511,same,0.6730103806228374,0.78125,0.10823961937716264,0.65625,0.016760380622837356,0.6484375,0.024572880622837356,0.68359375,0.010583369377162644
N003868,N011674,different,0.152,0.25,0.098,0.1875,0.035500000000000004,0.1640625,0.012062500000000004,0.15625,0.004250000000000004
N008357,N009838,different,0.1414141414141414,0.09375,0.04766414141414141,0.125,0.01641414141414141,0.1484375,0.007023358585858591,0.1484375,0.007023358585858591
N005241,N005242,same,0.8484375,0.75,0.09843749999999996,0.796875,0.051562499999999956,0.8359375,0.012499999999999956,0.8125,0.035937499999999956
N008230,N009234,different,0.0799207397622192,0.09375,0.013829260237780805,0.078125,0.001795739762219195,0.078125,0.001795739762219195,0.09375,0.013829260237780805
N000666,N000923,different,0.0755523877405559,0.09375,0.018197612259444093,0.0625,0.013052387740555907,0.0390625,0.03648988774055591,0.07421875,0.001333637740555907
N003267,N005780,different,0.1529105125977411,0.1875,0.034589487402258895,0.15625,0.003339487402258895,0.1328125,0.020098012597741105,0.12890625,0.024004262597741105
N001044,N001720,different,0.09875,0.09375,0.0050000000000000044,0.046875,0.051875000000000004,0.0546875,0.044062500000000004,0.08203125,0.016718750000000004
N011522,N011523,same,0.5862068965517241,0.5625,0.023706896551724088,0.53125,0.05495689655172409,0.546875,0.03933189655172409,0.5703125,0.015894396551724088
N009330,N010526,different,0.1628919860627177,0.15625,0.0066419860627177085,0.140625,0.02226698606271771,0.1015625,0.06132948606271771,0.13671875,0.02617323606271771
N003319,N008808,different,0.3280788177339901,0.3125,0.015578817733990113,0.3125,0.015578817733990113,0.3203125,0.0077663177339901135,0.32421875,0.0038600677339901135
N006178,N006182,same,0.3955296404275996,0.5,0.10447035957240042,0.40625,0.010720359572400417,0.421875,0.026345359572400417,0.41015625,0.014626609572400417
N002814,N005953,different,0.1319857312722948,0.09375,0.03823573127229479,0.109375,0.022610731272294793,0.15625,0.024264268727705207,0.13671875,0.004733018727705207
N007615,N007616,same,0.6785714285714286,0.65625,0.022321428571428603,0.640625,0.0379464285714286,0.625,0.0535714285714286,0.69140625,0.012834821428571397
N007876,N007877,same,0.4831261101243339,0.46875,0.014376110124333874,0.46875,0.014376110124333874,0.484375,0.001248889875666126,0.46484375,0.018282360124333874
N004729,N004730,same,0.4846870838881491,0.40625,0.07843708388814907,0.453125,0.03156208388814907,0.453125,0.03156208388814907,0.4921875,0.007500416111850927
N005862,N006116,different,0.3430749682337992,0.375,0.03192503176620082,0.265625,0.07744996823379918,0.234375,0.10869996823379918,0.33203125,0.011043718233799182
N000562,N005787,different,0.0849335302806499,0.125,0.0400664697193501,0.078125,0.006808530280649899,0.0546875,0.0302460302806499,0.07421875,0.0107147802806499
N007575,N009140,different,0.0734966592427616,0.09375,0.020253340757238406,0.0625,0.010996659242761594,0.0703125,0.0031841592427615945,0.08203125,0.008534590757238406
N011000,N011001,same,0.2851239669421487,0.4375,0.1523760330578513,0.34375,0.0586260330578513,0.3515625,0.0664385330578513,0.30078125,0.0156572830578513
N006167,N009175,different,0.1465076660988075,0.21875,0.0722423339011925,0.15625,0.009742333901192501,0.1953125,0.0488048339011925,0.14453125,0.0019764160988074986
N004662,N009916,different,0.106290672451193,0.09375,0.012540672451193002,0.0625,0.043790672451193,0.0859375,0.020353172451193002,0.0859375,0.020353172451193002
N010431,N010432,same,0.8757062146892656,0.75,0.12570621468926557,0.84375,0.03195621468926557,0.8828125,0.007106285310734428,0.8828125,0.007106285310734428
N001509,N001510,same,0.6080617495711835,0.625,0.01693825042881647,0.546875,0.06118674957118353,0.6328125,0.02475075042881647,0.5859375,0.02212424957118353
N000737,N002287,different,0.1294212218649517,0.125,0.0044212218649516966,0.0625,0.0669212218649517,0.1015625,0.027858721864951697,0.109375,0.020046221864951697
N001764,N001765,same,0.5420118343195266,0.53125,0.010761834319526598,0.546875,0.0048631656804734025,0.5,0.0420118343195266,0.484375,0.0576368343195266
N004877,N006275,different,0.1703810208483105,0.1875,0.0171189791516895,0.140625,0.0297560208483105,0.1484375,0.0219435208483105,0.15234375,0.0180372708483105
N002351,N006165,different,0.2677642980935875,0.28125,0.013485701906412517,0.28125,0.013485701906412517,0.3125,0.04473570190641252,0.265625,0.002139298093587483
N009140,N009547,different,0.3079448456992777,0.15625,0.15169484569927771,0.1875,0.12044484569927771,0.1796875,0.12825734569927771,0.26953125,0.038413595699277714
N007104,N007105,same,0.9476635514018692,0.96875,0.021086448598130803,0.96875,0.021086448598130803,0.953125,0.0054614485981308025,0.93359375,0.014069801401869197
N000463,N000465,same,0.6717557251908397,0.625,0.0467557251908397,0.65625,0.015505725190839703,0.625,0.0467557251908397,0.6875,0.015744274809160297
N001124,N011201,different,0.1432225063938619,0.15625,0.013027493606138113,0.125,0.018222506393861887,0.1484375,0.005214993606138113,0.16015625,0.016933743606138113
N004151,N010614,different,0.3766122098022356,0.34375,0.03286220980223559,0.375,0.0016122098022355869,0.375,0.0016122098022355869,0.39453125,0.017919040197764413
N003957,N007645,different,0.1379038613081166,0.15625,0.018346138691883396,0.125,0.012903861308116604,0.140625,0.0027211386918833957,0.171875,0.033971138691883396
N003941,N009735,different,0.095561035758323,0.25,0.154438964241677,0.125,0.029438964241676996,0.0859375,0.009623535758323004,0.125,0.029438964241676996
N000647,N008088,different,0.0801498127340823,0.15625,0.0761001872659177,0.09375,0.013600187265917704,0.0859375,0.005787687265917704,0.10546875,0.025318937265917704
N002017,N005475,different,0.2821522309711286,0.21875,0.06340223097112863,0.25,0.032152230971128626,0.25,0.032152230971128626,0.25390625,0.028245980971128626
N000323,N006510,different,0.1636726546906187,0.1875,0.023827345309381298,0.125,0.0386726546906187,0.15625,0.007422654690618702,0.16796875,0.004296095309381298
N008539,N008542,same,0.3689024390243902,0.5,0.13109756097560982,0.4375,0.06859756097560982,0.4140625,0.04516006097560982,0.390625,0.021722560975609817
N002578,N006004,different,0.3570843570843571,0.4375,0.0804156429156429,0.390625,0.033540642915642904,0.3203125,0.036771857084357096,0.32421875,0.032865607084357096
N001918,N002086,different,0.1120646138313982,0.15625,0.044185386168601806,0.140625,0.028560386168601806,0.1171875,0.005122886168601806,0.125,0.012935386168601806
N002507,N002508,same,0.9279711884753902,0.90625,0.021721188475390174,0.90625,0.021721188475390174,0.953125,0.025153811524609826,0.9375,0.009528811524609826
N001934,N011090,different,0.2501878287002254,0.375,0.12481217129977462,0.28125,0.03106217129977462,0.3046875,0.05449967129977462,0.296875,0.04668717129977462
N004269,N011588,different,0.2105263157894736,0.28125,0.07072368421052641,0.234375,0.02384868421052641,0.234375,0.02384868421052641,0.234375,0.02384868421052641
N005629,N006728,different,0.1042810098792535,0.0625,0.0417810098792535,0.078125,0.026156009879253497,0.078125,0.026156009879253497,0.078125,0.026156009879253497
N008009,N008010,same,0.3585086042065009,0.40625,0.04774139579349912,0.40625,0.04774139579349912,0.4296875,0.07117889579349912,0.41796875,0.05946014579349912
N009840,N009841,same,0.3700680272108843,0.34375,0.026318027210884276,0.375,0.004931972789115724,0.359375,0.010693027210884276,0.3828125,0.012744472789115724
